P,shallow_turns,rho_mix,seed,rho,rho_spearman,requests,sessions,working_set_blocks,capacity_blocks
512,3,0.0,0,0.5750512581643069,0.9718299428027015,420,14,5456,18187
512,3,0.0,1,0.585376002653767,0.9685818397388324,420,14,5398,17993
512,3,0.0,2,0.5789521202064193,0.9689765277781252,420,14,5352,17840
512,3,0.0,3,0.5815878114099495,0.9684450477900782,420,14,5373,17910
512,3,0.0,4,0.5834550589485415,0.969969831603386,420,14,5418,18060
512,3,0.0,5,0.5734528579932686,0.9710785587898713,420,14,5351,17837
512,3,0.0,6,0.579470320036942,0.9666078103785098,420,14,5384,17947
512,3,0.0,7,0.5843599667220295,0.9682482587746815,420,14,5390,17967
512,3,0.0,8,0.5801483031092554,0.9686738632870349,420,14,5450,18167
512,3,0.0,9,0.5840759430347172,0.9731185806583277,420,14,5423,18077
512,3,0.0,10,0.5773277053168155,0.9677514251847831,420,14,5381,17937
512,3,0.0,11,0.5846254928607885,0.9681268126360303,420,14,5384,17947
512,3,0.0,12,0.5737098797647353,0.9686136026124776,420,14,5396,17987
512,3,0.0,13,0.5787817403335351,0.9740490970369028,420,14,5382,17940
512,3,0.0,14,0.582361165032076,0.9694556363199724,420,14,5386,17953
512,3,0.0,15,0.5855949855129625,0.9642490045794311,420,14,5373,17910
512,3,0.0,16,0.5793539484837094,0.9698097261069356,420,14,5388,17960
512,3,0.0,17,0.5755693367851736,0.9641543398279757,420,14,5363,17877
512,3,0.0,18,0.5775954840938211,0.9728892480580905,420,14,5322,17740
512,3,0.0,19,0.5750081025926822,0.9705740949795763,420,14,5322,17740
512,3,0.0,20,0.5822278039962568,0.9697904174327443,420,14,5401,18003
512,3,0.0,21,0.5796701906479936,0.9683685039737371,420,14,5392,17973
512,3,0.0,22,0.5775386795905434,0.9756617281031138,420,14,5350,17833
512,3,0.0,23,0.5797776978845695,0.9710478928614112,420,14,5371,17903
512,3,0.0,24,0.5772826300951502,0.9671594060365216,420,14,5417,18057
512,3,0.0,25,0.5772800804712577,0.9724891719331166,420,14,5381,17937
512,3,0.0,26,0.5800916306240563,0.969856171527413,420,14,5315,17717
512,3,0.0,27,0.5834921536731253,0.9728803713453089,420,14,5376,17920
512,3,0.0,28,0.6039694149142503,0.9695450308507018,420,14,5338,17793
512,3,0.0,29,0.6025948104834681,0.9744562393123981,420,14,5372,17907
512,3,0.05,0,0.16180664103333622,0.9261924750451926,429,17,8180,27267
512,3,0.05,1,0.1739504270709993,0.9369097655087094,426,16,7701,25670
512,3,0.05,2,0.5789521202064193,0.9689765277781252,420,14,5352,17840
512,3,0.05,3,0.21591472324144112,0.939611555352873,426,16,7447,24823
512,3,0.05,4,0.3295872833806898,0.9563855037995798,423,15,6590,21967
512,3,0.05,5,0.1997921471809156,0.9425646965969087,426,16,7599,25330
512,3,0.05,6,0.579470320036942,0.9666078103785098,420,14,5384,17947
512,3,0.05,7,0.5843599667220295,0.9682482587746815,420,14,5390,17967
512,3,0.05,8,0.5801483031092554,0.9686738632870349,420,14,5450,18167
512,3,0.05,9,0.5840759430347172,0.9731185806583277,420,14,5423,18077
512,3,0.05,10,0.5773277053168155,0.9677514251847831,420,14,5381,17937
512,3,0.05,11,0.37744109353433913,0.9553156284729636,423,15,6382,21273
512,3,0.05,12,0.5737098797647353,0.9686136026124776,420,14,5396,17987
512,3,0.05,13,0.5787817403335351,0.9740490970369028,420,14,5382,17940
512,3,0.05,14,0.582361165032076,0.9694556363199724,420,14,5386,17953
512,3,0.05,15,0.3550636769830798,0.9508253422228943,423,15,6438,21460
512,3,0.05,16,0.3417886095437692,0.9567514151480979,423,15,6489,21630
512,3,0.05,17,0.29798465081449077,0.9505286348677797,423,15,6710,22367
512,3,0.05,18,0.5775954840938211,0.9728892480580905,420,14,5322,17740
512,3,0.05,19,0.5750081025926822,0.9705740949795763,420,14,5322,17740
512,3,0.05,20,0.5822278039962568,0.9697904174327443,420,14,5401,18003
512,3,0.05,21,0.5796701906479936,0.9683685039737371,420,14,5392,17973
512,3,0.05,22,0.5775386795905434,0.9756617281031138,420,14,5350,17833
512,3,0.05,23,0.5797776978845695,0.9710478928614112,420,14,5371,17903
512,3,0.05,24,0.5772826300951502,0.9671594060365216,420,14,5417,18057
512,3,0.05,25,0.34410925815680676,0.9555903210668023,423,15,6442,21473
512,3,0.05,26,0.2557918564666767,0.9411738340808161,426,16,7243,24143
512,3,0.05,27,0.5834921536731253,0.9728803713453089,420,14,5376,17920
512,3,0.05,28,0.15614694986039188,0.9411070149455868,426,16,7772,25907
512,3,0.05,29,0.19549358543176112,0.9449531134440169,426,16,7564,25213
512,3,0.1,0,0.0583082109630839,0.9090909720706268,402,17,8951,29837
512,3,0.1,1,0.1739504270709993,0.9369097655087094,426,16,7701,25670
512,3,0.1,2,0.5789521202064193,0.9689765277781252,420,14,5352,17840
512,3,0.1,3,0.10663103374726055,0.9263365116577335,429,17,8458,28193
512,3,0.1,4,0.3295872833806898,0.9563855037995798,423,15,6590,21967
512,3,0.1,5,0.15156238204660744,0.9449884331520074,426,16,7882,26273
512,3,0.1,6,0.579470320036942,0.9666078103785098,420,14,5384,17947
512,3,0.1,7,0.32365490107877953,0.9557956812310665,423,15,6575,21917
512,3,0.1,8,0.34560292843700363,0.9537982359213196,423,15,6540,21800
512,3,0.1,9,0.17952322720022362,0.9445516649680664,426,16,7790,25967
512,3,0.1,10,0.5773277053168155,0.9677514251847831,420,14,5381,17937
512,3,0.1,11,0.39668978482912,0.9555718984573313,423,15,6326,21087
512,3,0.1,12,0.05722477039812946,0.9280308754412463,429,17,9103,30343
512,3,0.1,13,0.37567588379796274,0.9563875785349008,423,15,6338,21127
512,3,0.1,14,0.36642362526569844,0.9522576954584235,423,15,6387,21290
512,3,0.1,15,0.3550636769830798,0.9508253422228943,423,15,6438,21460
512,3,0.1,16,0.2716882611067012,0.9579590631617305,423,15,6773,22577
512,3,0.1,17,0.0780096537532332,0.9249041545244094,429,17,8982,29940
512,3,0.1,18,0.5775954840938211,0.9728892480580905,420,14,5322,17740
512,3,0.1,19,0.11234042244087415,0.9271441429203269,429,17,8481,28270
512,3,0.1,20,0.5822278039962568,0.9697904174327443,420,14,5401,18003
512,3,0.1,21,0.5796701906479936,0.9683685039737371,420,14,5392,17973
512,3,0.1,22,0.20272119257030638,0.9470395192355151,426,16,7505,25017
512,3,0.1,23,0.5797776978845695,0.9710478928614112,420,14,5371,17903
512,3,0.1,24,0.012821577443570127,0.9156531571355659,402,17,9557,31857
512,3,0.1,25,0.34410925815680676,0.9555903210668023,423,15,6442,21473
512,3,0.1,26,0.2557918564666767,0.9411738340808161,426,16,7243,24143
512,3,0.1,27,0.5834921536731253,0.9728803713453089,420,14,5376,17920
512,3,0.1,28,0.15614694986039188,0.9411070149455868,426,16,7772,25907
512,3,0.1,29,0.10007810345768432,0.9278073749788658,429,17,8483,28277
512,3,0.15,0,0.0583082109630839,0.9090909720706268,402,17,8951,29837
512,3,0.15,1,0.0031982417850947627,0.9014962473813991,402,17,9036,30120
512,3,0.15,2,-0.013384914910195146,0.9079921991955722,402,17,9230,30767
512,3,0.15,3,0.10663103374726055,0.9263365116577335,429,17,8458,28193
512,3,0.15,4,0.3295872833806898,0.9563855037995798,423,15,6590,21967
512,3,0.15,5,0.07342949312426371,0.9299545764232476,429,17,8882,29607
512,3,0.15,6,0.579470320036942,0.9666078103785098,420,14,5384,17947
512,3,0.15,7,0.1893943700120465,0.9420822907097413,426,16,7537,25123
512,3,0.15,8,0.34560292843700363,0.9537982359213196,423,15,6540,21800
512,3,0.15,9,-0.1773868021810317,0.8370802008667343,417,22,14195,47317
512,3,0.15,10,0.1316681737057406,0.9203543226025814,429,17,8184,27280
512,3,0.15,11,-0.05410318793391471,0.8833237333315496,408,19,11216,37387
512,3,0.15,12,0.39676923761275185,0.9520160386023768,423,15,6275,20917
512,3,0.15,13,-0.0022882646711310127,0.9086622012845075,402,17,9394,31313
512,3,0.15,14,0.0825070400225307,0.9278384395906519,429,17,8729,29097
512,3,0.15,15,0.20324202591925486,0.9364193336293117,426,16,7541,25137
512,3,0.15,16,0.2716882611067012,0.9579590631617305,423,15,6773,22577
512,3,0.15,17,0.0780096537532332,0.9249041545244094,429,17,8982,29940
512,3,0.15,18,0.5775954840938211,0.9728892480580905,420,14,5322,17740
512,3,0.15,19,0.11234042244087415,0.9271441429203269,429,17,8481,28270
512,3,0.15,20,0.31393952645474943,0.954644430764162,423,15,6661,22203
512,3,0.15,21,0.5796701906479936,0.9683685039737371,420,14,5392,17973
512,3,0.15,22,-0.06063491652826258,0.897694180717953,405,18,10604,35347
512,3,0.15,23,0.16332634241262298,0.9425926850925431,426,16,7796,25987
512,3,0.15,24,0.012821577443570127,0.9156531571355659,402,17,9557,31857
512,3,0.15,25,0.06655633356939486,0.9281679990788942,429,17,8759,29197
512,3,0.15,26,0.2557918564666767,0.9411738340808161,426,16,7243,24143
512,3,0.15,27,0.5834921536731253,0.9728803713453089,420,14,5376,17920
512,3,0.15,28,0.07019292780790093,0.9010100068863147,402,17,8535,28450
512,3,0.15,29,0.10007810345768432,0.9278073749788658,429,17,8483,28277
512,3,0.2,0,0.0583082109630839,0.9090909720706268,402,17,8951,29837
512,3,0.2,1,0.0031982417850947627,0.9014962473813991,402,17,9036,30120
512,3,0.2,2,-0.013384914910195146,0.9079921991955722,402,17,9230,30767
512,3,0.2,3,-0.0001562480016067327,0.9115154935286822,402,17,9416,31387
512,3,0.2,4,0.13056262095090426,0.9402363439647834,426,16,7907,26357
512,3,0.2,5,-0.15713082874845605,0.8706727236779284,411,20,12905,43017
512,3,0.2,6,0.579470320036942,0.9666078103785098,420,14,5384,17947
512,3,0.2,7,0.0086272869975026,0.9131713148353675,402,17,9250,30833
512,3,0.2,8,0.007182529198090213,0.9053009015111224,402,17,9329,31097
512,3,0.2,9,-0.19731609953363005,0.8229645131541953,420,23,15031,50103
512,3,0.2,10,0.1316681737057406,0.9203543226025814,429,17,8184,27280
512,3,0.2,11,-0.09683742188188359,0.8688545622163671,411,20,12485,41617
512,3,0.2,12,-0.10186573471686683,0.8782652936696675,408,19,11142,37140
512,3,0.2,13,-0.0022882646711310127,0.9086622012845075,402,17,9394,31313
512,3,0.2,14,0.0825070400225307,0.9278384395906519,429,17,8729,29097
512,3,0.2,15,0.08494958551444516,0.9258584256772137,429,17,8893,29643
512,3,0.2,16,0.19934772174115942,0.9348173255210098,426,16,7479,24930
512,3,0.2,17,0.15281697999667557,0.9358167585966691,426,16,7858,26193
512,3,0.2,18,0.3605880266347434,0.9579639441673582,423,15,6402,21340
512,3,0.2,19,0.11234042244087415,0.9271441429203269,429,17,8481,28270
512,3,0.2,20,0.31393952645474943,0.954644430764162,423,15,6661,22203
512,3,0.2,21,0.20286921492709808,0.9412254982734078,426,16,7511,25037
512,3,0.2,22,-0.06069270255294187,0.898314704757801,405,18,10467,34890
512,3,0.2,23,0.19296329511106564,0.9434235077369907,426,16,7575,25250
512,3,0.2,24,0.16236143374111353,0.9364485703556729,426,16,7764,25880
512,3,0.2,25,0.06655633356939486,0.9281679990788942,429,17,8759,29197
512,3,0.2,26,0.2557918564666767,0.9411738340808161,426,16,7243,24143
512,3,0.2,27,0.3465605169384695,0.9586535304317153,423,15,6473,21577
512,3,0.2,28,-0.027545217758304697,0.8914021119093569,405,18,9976,33253
512,3,0.2,29,0.10007810345768432,0.9278073749788658,429,17,8483,28277
512,3,0.25,0,0.11400963681783202,0.9245130477185556,429,17,8645,28817
512,3,0.25,1,-0.01187519697765605,0.9048753519135599,402,17,9262,30873
512,3,0.25,2,-0.2274196976594625,0.8325677810102934,420,23,16513,55043
512,3,0.25,3,0.0346345865811541,0.9075075677519838,402,17,9023,30077
512,3,0.25,4,0.07211602246279374,0.9279964793196787,429,17,8763,29210
512,3,0.25,5,-0.15713082874845605,0.8706727236779284,411,20,12905,43017
512,3,0.25,6,0.3275510504958868,0.9523892309324512,423,15,6536,21787
512,3,0.25,7,0.0086272869975026,0.9131713148353675,402,17,9250,30833
512,3,0.25,8,-0.2734334337886288,0.8137257237940845,426,25,18553,61843
512,3,0.25,9,-0.21527775263254162,0.8115079365150993,423,24,16091,53637
512,3,0.25,10,0.1316681737057406,0.9203543226025814,429,17,8184,27280
512,3,0.25,11,-0.09683742188188359,0.8688545622163671,411,20,12485,41617
512,3,0.25,12,-0.09604303283460697,0.8972140588038837,405,18,10964,36547
512,3,0.25,13,-0.0022882646711310127,0.9086622012845075,402,17,9394,31313
512,3,0.25,14,0.0825070400225307,0.9278384395906519,429,17,8729,29097
512,3,0.25,15,-0.013751874845346552,0.9102524802794499,402,17,10000,33333
512,3,0.25,16,0.19934772174115942,0.9348173255210098,426,16,7479,24930
512,3,0.25,17,0.17350300109610656,0.9365502988718932,426,16,7820,26067
512,3,0.25,18,0.11658995594846155,0.9297726448916656,429,17,8397,27990
512,3,0.25,19,0.11234042244087415,0.9271441429203269,429,17,8481,28270
512,3,0.25,20,0.10554584490590944,0.9268758930230382,429,17,8564,28547
512,3,0.25,21,0.17468045031051066,0.9411183053141867,426,16,7688,25627
512,3,0.25,22,-0.06069270255294187,0.898314704757801,405,18,10467,34890
512,3,0.25,23,0.19296329511106564,0.9434235077369907,426,16,7575,25250
512,3,0.25,24,-0.018199171590132797,0.9126849360401387,402,17,9624,32080
512,3,0.25,25,-0.12336497358153703,0.8848049838663438,408,19,11978,39927
512,3,0.25,26,0.2557918564666767,0.9411738340808161,426,16,7243,24143
512,3,0.25,27,-0.012710995961087296,0.9114014959652181,402,17,9505,31683
512,3,0.25,28,-0.06739507330257143,0.8950769614885692,405,18,10286,34287
512,3,0.25,29,-0.08072497141392312,0.8809674950766629,408,19,11275,37583
512,3,0.3,0,0.11400963681783202,0.9245130477185556,429,17,8645,28817
512,3,0.3,1,-0.01187519697765605,0.9048753519135599,402,17,9262,30873
512,3,0.3,2,-0.2274196976594625,0.8325677810102934,420,23,16513,55043
512,3,0.3,3,0.0346345865811541,0.9075075677519838,402,17,9023,30077
512,3,0.3,4,0.07211602246279374,0.9279964793196787,429,17,8763,29210
512,3,0.3,5,-0.15713082874845605,0.8706727236779284,411,20,12905,43017
512,3,0.3,6,0.013378161695603168,0.9116263770488935,402,17,9393,31310
512,3,0.3,7,0.0086272869975026,0.9131713148353675,402,17,9250,30833
512,3,0.3,8,-0.25246114163880656,0.8109372620755786,426,25,18553,61843
512,3,0.3,9,-0.21563889452256474,0.8123177029927786,423,24,16232,54107
512,3,0.3,10,-0.08653890691795876,0.8761655569653725,408,19,10887,36290
512,3,0.3,11,-0.09683742188188359,0.8688545622163671,411,20,12485,41617
512,3,0.3,12,-0.12545968174205696,0.8816284780155886,408,19,11258,37527
512,3,0.3,13,-0.07984588932874473,0.891158975027582,405,18,10445,34817
512,3,0.3,14,0.0825070400225307,0.9278384395906519,429,17,8729,29097
512,3,0.3,15,-0.10339946140153515,0.8861732393985817,408,19,12364,41213
512,3,0.3,16,0.07423815265275888,0.9267009344774348,429,17,8790,29300
512,3,0.3,17,0.17350300109610656,0.9365502988718932,426,16,7820,26067
512,3,0.3,18,0.11658995594846155,0.9297726448916656,429,17,8397,27990
512,3,0.3,19,0.021344360930703087,0.9097968476286501,402,17,9195,30650
512,3,0.3,20,0.06945030595967373,0.9283049039377546,429,17,8866,29553
512,3,0.3,21,0.17468045031051066,0.9411183053141867,426,16,7688,25627
512,3,0.3,22,-0.06065313293583713,0.898299925714412,405,18,10461,34870
512,3,0.3,23,0.19296329511106564,0.9434235077369907,426,16,7575,25250
512,3,0.3,24,-0.000831154424270509,0.911682586898457,402,17,9395,31317
512,3,0.3,25,-0.12336497358153703,0.8848049838663438,408,19,11978,39927
512,3,0.3,26,0.1655245393579034,0.9403337413791337,426,16,7651,25503
512,3,0.3,27,-0.1733328748941383,0.8461517615943537,417,22,14682,48940
512,3,0.3,28,-0.1253691719678102,0.8727720196618188,408,19,11303,37677
512,3,0.3,29,-0.10104950948976209,0.879140872924557,408,19,11202,37340
512,3,0.35,0,-0.19502795611514184,0.8490772059765197,417,22,14722,49073
512,3,0.35,1,-0.01187519697765605,0.9048753519135599,402,17,9262,30873
512,3,0.35,2,-0.23577003157936596,0.8363310924697419,420,23,16776,55920
512,3,0.35,3,-0.0825535257667099,0.8763184616383694,408,19,11241,37470
512,3,0.35,4,0.07211602246279374,0.9279964793196787,429,17,8763,29210
512,3,0.35,5,-0.1957526526652385,0.8211166481469797,420,23,15018,50060
512,3,0.35,6,0.013378161695603168,0.9116263770488935,402,17,9393,31310
512,3,0.35,7,-0.022613823882301144,0.8973152984073789,405,18,10080,33600
512,3,0.35,8,-0.2827733660397695,0.7798167056904931,402,26,20585,68617
512,3,0.35,9,-0.21563889452256474,0.8123177029927786,423,24,16232,54107
512,3,0.35,10,-0.08653890691795876,0.8761655569653725,408,19,10887,36290
512,3,0.35,11,-0.1471111439286317,0.8426124198346969,417,22,14505,48350
512,3,0.35,12,-0.12545968174205696,0.8816284780155886,408,19,11258,37527
512,3,0.35,13,-0.07984588932874473,0.891158975027582,405,18,10445,34817
512,3,0.35,14,0.018023447647741393,0.9094546809596399,402,17,9242,30807
512,3,0.35,15,-0.10339946140153515,0.8861732393985817,408,19,12364,41213
512,3,0.35,16,-0.015650204311139414,0.9100237735863512,402,17,9584,31947
512,3,0.35,17,-0.09345525720056426,0.8950542766046516,405,18,10884,36280
512,3,0.35,18,0.11658995594846155,0.9297726448916656,429,17,8397,27990
512,3,0.35,19,-0.16220151832423954,0.8584414932717963,414,21,13787,45957
512,3,0.35,20,0.0009287760795370112,0.9118057688542046,402,17,9456,31520
512,3,0.35,21,-0.19371709988507152,0.8374738222520968,417,22,14560,48533
512,3,0.35,22,-0.23691543648198793,0.7951830750686141,429,26,18705,62350
512,3,0.35,23,-0.15409765064982145,0.8587041364753121,414,21,13506,45020
512,3,0.35,24,-0.0368338274656625,0.8955289484945229,405,18,10194,33980
512,3,0.35,25,-0.13961794110018813,0.8856652284129549,408,19,12345,41150
512,3,0.35,26,0.1655245393579034,0.9403337413791337,426,16,7651,25503
512,3,0.35,27,-0.08472894372875356,0.8786702332749168,408,19,11383,37943
512,3,0.35,28,-0.12773696311920366,0.8756618107277132,408,19,11369,37897
512,3,0.35,29,-0.10104950948976209,0.879140872924557,408,19,11202,37340
512,3,0.4,0,-0.19502795611514184,0.8490772059765197,417,22,14722,49073
512,3,0.4,1,-0.20523110732778563,0.8291762020669146,420,23,15507,51690
512,3,0.4,2,-0.23577003157936596,0.8363310924697419,420,23,16776,55920
512,3,0.4,3,-0.1977608193116087,0.8258158239942793,420,23,15929,53097
512,3,0.4,4,0.07211602246279374,0.9279964793196787,429,17,8763,29210
512,3,0.4,5,-0.29634383870195685,0.7585883710121101,408,28,22343,74477
512,3,0.4,6,0.013378161695603168,0.9116263770488935,402,17,9393,31310
512,3,0.4,7,-0.19054846848191445,0.8298266568048915,420,23,15724,52413
512,3,0.4,8,-0.2827733660397695,0.7798167056904931,402,26,20585,68617
512,3,0.4,9,-0.21563889452256474,0.8123177029927786,423,24,16232,54107
512,3,0.4,10,-0.08653890691795876,0.8761655569653725,408,19,10887,36290
512,3,0.4,11,-0.26755247458484416,0.8092907040282289,426,25,17794,59313
512,3,0.4,12,-0.19093316600615473,0.8561288917891285,414,21,13538,45127
512,3,0.4,13,-0.2027882397435075,0.8421069551122677,417,22,14784,49280
512,3,0.4,14,-0.003162980364244437,0.9069983679342881,402,17,9197,30657
512,3,0.4,15,-0.10339946140153515,0.8861732393985817,408,19,12364,41213
512,3,0.4,16,-0.18103634257444048,0.8528507552857335,414,21,13894,46313
512,3,0.4,17,-0.09345525720056426,0.8950542766046516,405,18,10884,36280
512,3,0.4,18,0.1150174732528477,0.9289435210916372,429,17,8441,28137
512,3,0.4,19,-0.16220151832423954,0.8584414932717963,414,21,13787,45957
512,3,0.4,20,0.0009287760795370112,0.9118057688542046,402,17,9456,31520
512,3,0.4,21,-0.2581994874727575,0.7897231968578953,429,26,19409,64697
512,3,0.4,22,-0.23702446743906683,0.8035090240470241,429,26,19171,63903
512,3,0.4,23,-0.1748001686352666,0.8441484910412309,417,22,14575,48583
512,3,0.4,24,-0.0368338274656625,0.8955289484945229,405,18,10194,33980
512,3,0.4,25,-0.275039322968096,0.7632334698953815,405,27,20781,69270
512,3,0.4,26,0.1655245393579034,0.9403337413791337,426,16,7651,25503
512,3,0.4,27,-0.08472894372875356,0.8786702332749168,408,19,11383,37943
512,3,0.4,28,-0.12773696311920366,0.8756618107277132,408,19,11369,37897
512,3,0.4,29,-0.10104950948976209,0.879140872924557,408,19,11202,37340
512,3,0.45,0,-0.24593445618623289,0.8157358706164644,426,25,18142,60473
512,3,0.45,1,-0.20523110732778563,0.8291762020669146,420,23,15507,51690
512,3,0.45,2,-0.23061475388115818,0.8361297205521293,420,23,16586,55287
512,3,0.45,3,-0.21889257386650207,0.8253079932204993,420,23,16024,53413
512,3,0.45,4,-0.16521473301626152,0.8577931927065028,414,21,13801,46003
512,3,0.45,5,-0.2978730026602523,0.7587692322520241,408,28,22381,74603
512,3,0.45,6,-0.1914845130085809,0.8576815712562722,414,21,14110,47033
512,3,0.45,7,-0.19054846848191445,0.8298266568048915,420,23,15724,52413
512,3,0.45,8,-0.28911835525439633,0.7666082135805287,405,27,21543,71810
512,3,0.45,9,-0.30132156868255866,0.7727858344677415,402,26,20466,68220
512,3,0.45,10,-0.08653890691795876,0.8761655569653725,408,19,10887,36290
512,3,0.45,11,-0.26755247458484416,0.8092907040282289,426,25,17794,59313
512,3,0.45,12,-0.19093316600615473,0.8561288917891285,414,21,13538,45127
512,3,0.45,13,-0.20438703726582635,0.8315907972977697,420,23,16013,53377
512,3,0.45,14,-0.003162980364244437,0.9069983679342881,402,17,9197,30657
512,3,0.45,15,-0.13671849618440396,0.8600100649314627,414,21,13876,46253
512,3,0.45,16,-0.31797114573893076,0.7445910278897407,411,29,23416,78053
512,3,0.45,17,-0.09345525720056426,0.8950542766046516,405,18,10884,36280
512,3,0.45,18,-0.21860167149349824,0.8119471092235463,426,25,17329,57763
512,3,0.45,19,-0.12436396039277585,0.8679630314574077,411,20,12351,41170
512,3,0.45,20,0.0009287760795370112,0.9118057688542046,402,17,9456,31520
512,3,0.45,21,-0.26167764503739754,0.7622158984291556,402,26,19213,64043
512,3,0.45,22,-0.23702446743906683,0.8035090240470241,429,26,19171,63903
512,3,0.45,23,-0.22380899603167337,0.8456952091703044,417,22,14740,49133
512,3,0.45,24,-0.0368338274656625,0.8955289484945229,405,18,10194,33980
512,3,0.45,25,-0.275039322968096,0.7632334698953815,405,27,20781,69270
512,3,0.45,26,0.1655245393579034,0.9403337413791337,426,16,7651,25503
512,3,0.45,27,-0.08472894372875356,0.8786702332749168,408,19,11383,37943
512,3,0.45,28,-0.18532831834450944,0.8495443860662261,414,21,13447,44823
512,3,0.45,29,-0.10104950948976209,0.879140872924557,408,19,11202,37340
512,3,0.5,0,-0.24593445618623289,0.8157358706164644,426,25,18142,60473
512,3,0.5,1,-0.2302511662919045,0.8055769569452322,426,25,17398,57993
512,3,0.5,2,-0.2770928248170053,0.7940144060153197,429,26,18918,63060
512,3,0.5,3,-0.21889257386650207,0.8253079932204993,420,23,16024,53413
512,3,0.5,4,-0.2887585714130904,0.7794425121042687,402,26,21269,70897
512,3,0.5,5,-0.2777076489708028,0.7756643216694346,402,26,20083,66943
512,3,0.5,6,-0.21715239113939788,0.8468876552623381,417,22,15442,51473
512,3,0.5,7,-0.18702769184270676,0.8460400638024604,417,22,15330,51100
512,3,0.5,8,-0.28911835525439633,0.7666082135805287,405,27,21543,71810
512,3,0.5,9,-0.2808783835699074,0.7759845746444829,402,26,19916,66387
512,3,0.5,10,-0.17767556222534,0.8542105082072311,414,21,13046,43487
512,3,0.5,11,-0.24803203686150377,0.7642832331414529,402,26,19025,63417
512,3,0.5,12,-0.19055182373097024,0.8575016361974063,414,21,13477,44923
512,3,0.5,13,-0.18887756373652898,0.8266865934558305,420,23,15480,51600
512,3,0.5,14,-0.12065231732578775,0.8605360727462588,411,20,12000,40000
512,3,0.5,15,-0.1257454342981564,0.8527379062989665,414,21,13447,44823
512,3,0.5,16,-0.3174392965249388,0.7430900744362675,411,29,23203,77343
512,3,0.5,17,-0.25712007313761986,0.8108325326113066,426,25,18865,62883
512,3,0.5,18,-0.21721720114213808,0.812578387768251,426,25,17334,57780
512,3,0.5,19,-0.171692992675174,0.8416320163942295,417,22,14353,47843
512,3,0.5,20,0.0009287760795370112,0.9118057688542046,402,17,9456,31520
512,3,0.5,21,-0.24436575980009864,0.8341889917559879,420,23,16453,54843
512,3,0.5,22,-0.2668967666584557,0.7721244102734517,402,26,19006,63353
512,3,0.5,23,-0.2477928684112257,0.8336592877944763,420,23,16160,53867
512,3,0.5,24,-0.0368338274656625,0.8955289484945229,405,18,10194,33980
512,3,0.5,25,-0.2756110063017349,0.7640298215906889,405,27,21020,70067
512,3,0.5,26,-0.19116637084358978,0.8413159966207348,417,22,15186,50620
512,3,0.5,27,-0.17592061000543863,0.847588232607751,417,22,14753,49177
512,3,0.5,28,-0.18532831834450944,0.8495443860662261,414,21,13447,44823
512,3,0.5,29,-0.10104950948976209,0.879140872924557,408,19,11202,37340
512,3,0.55,0,-0.30196695387385997,0.7254522943129219,417,31,24733,82443
512,3,0.55,1,-0.2517120002139082,0.8016771230756448,426,25,17298,57660
512,3,0.55,2,-0.3245091522054428,0.6781040535063856,426,34,26912,89707
512,3,0.55,3,-0.2789458458893645,0.7421573886519077,408,28,21177,70590
512,3,0.55,4,-0.2855655379106865,0.7783079430554822,402,26,20939,69797
512,3,0.55,5,-0.29409797640683577,0.7575804478497584,408,28,22234,74113
512,3,0.55,6,-0.2143494386736537,0.8461159483959667,417,22,15276,50920
512,3,0.55,7,-0.28450670747763024,0.7374411112346358,414,30,24203,80677
512,3,0.55,8,-0.3636448749029452,0.5601215661262889,402,44,40849,136163
512,3,0.55,9,-0.2808783835699074,0.7759845746444829,402,26,19916,66387
512,3,0.55,10,-0.17767556222534,0.8542105082072311,414,21,13046,43487
512,3,0.55,11,-0.24803203686150377,0.7642832331414529,402,26,19025,63417
512,3,0.55,12,-0.3236267648813503,0.7504039952538374,408,28,22097,73657
512,3,0.55,13,-0.18887756373652898,0.8266865934558305,420,23,15480,51600
512,3,0.55,14,-0.28882825837871257,0.7467570974415995,408,28,22232,74107
512,3,0.55,15,-0.2863540310908622,0.7178813326988628,420,32,27044,90147
512,3,0.55,16,-0.32230236816483526,0.721639156635756,417,31,24960,83200
512,3,0.55,17,-0.3281401552419741,0.7303324746261836,417,31,26075,86917
512,3,0.55,18,-0.21721720114213808,0.812578387768251,426,25,17334,57780
512,3,0.55,19,-0.1778737602979794,0.8268763816982004,420,23,14896,49653
512,3,0.55,20,0.0009287760795370112,0.9118057688542046,402,17,9456,31520
512,3,0.55,21,-0.2705661737932609,0.8144582830651458,426,25,18666,62220
512,3,0.55,22,-0.2891956825970272,0.7725239697022138,402,26,19518,65060
512,3,0.55,23,-0.2477928684112257,0.8336592877944763,420,23,16160,53867
512,3,0.55,24,-0.19673048767133722,0.8338548463370621,420,23,15753,52510
512,3,0.55,25,-0.27399572673498296,0.7611975328392946,405,27,20790,69300
512,3,0.55,26,-0.2551417013476442,0.7997932105846408,429,26,19771,65903
512,3,0.55,27,-0.26017598601809483,0.7787284548922578,402,26,20304,67680
512,3,0.55,28,-0.18532831834450944,0.8495443860662261,414,21,13447,44823
512,3,0.55,29,-0.3383716038975457,0.7089312642096451,420,32,26838,89460
512,3,0.6,0,-0.3181876974386721,0.7016879185121702,426,34,28490,94967
512,3,0.6,1,-0.3290744392779952,0.7366930163473762,411,29,23295,77650
512,3,0.6,2,-0.3440726854014891,0.5870026026647938,423,42,36196,120653
512,3,0.6,3,-0.2928044076020562,0.738631630500799,411,29,22754,75847
512,3,0.6,4,-0.2829012644067093,0.7801367351017566,402,26,20647,68823
512,3,0.6,5,-0.3129560968693774,0.7004788276183064,423,33,26953,89843
512,3,0.6,6,-0.3189148759416253,0.6853816764969778,429,35,29381,97937
512,3,0.6,7,-0.3259581572562939,0.7133098791157715,420,32,25694,85647
512,3,0.6,8,-0.3636448749029452,0.5601215661262889,402,44,40849,136163
512,3,0.6,9,-0.3320629778313439,0.637981891442768,411,38,33888,112960
512,3,0.6,10,-0.2834430119612673,0.7704805870116199,402,26,18634,62113
512,3,0.6,11,-0.2779424466529659,0.7234124448422097,414,30,23103,77010
512,3,0.6,12,-0.3338695099468527,0.7311524080534789,414,30,24294,80980
512,3,0.6,13,-0.3261829047355541,0.6606616652364421,402,35,30285,100950
512,3,0.6,14,-0.31220588133043703,0.6850934793298311,426,34,27847,92823
512,3,0.6,15,-0.3152486234283492,0.5942771761784952,429,44,39967,133223
512,3,0.6,16,-0.32230236816483526,0.721639156635756,417,31,24960,83200
512,3,0.6,17,-0.3400522567589537,0.6470209762316036,405,36,30922,103073
512,3,0.6,18,-0.2965582436819553,0.7213785599734899,420,32,25887,86290
512,3,0.6,19,-0.31042157706293455,0.7209544829450859,417,31,25629,85430
512,3,0.6,20,-0.3124889140723099,0.7158518294225241,423,33,27601,92003
512,3,0.6,21,-0.35164487649320153,0.5686917125637441,402,44,40069,133563
512,3,0.6,22,-0.30932400431838847,0.7568854485947238,408,28,22492,74973
512,3,0.6,23,-0.2477928684112257,0.8336592877944763,420,23,16160,53867
512,3,0.6,24,-0.19673048767133722,0.8338548463370621,420,23,15753,52510
512,3,0.6,25,-0.2800443034876413,0.7614637616468357,405,27,21289,70963
512,3,0.6,26,-0.26652349522064234,0.7783518691890816,402,26,20305,67683
512,3,0.6,27,-0.26017598601809483,0.7787284548922578,402,26,20304,67680
512,3,0.6,28,-0.3548710760264501,0.6495148160976133,405,36,30521,101737
512,3,0.6,29,-0.35259346709616984,0.6578146679089589,402,35,31012,103373
512,3,0.65,0,-0.3285007072850563,0.6661920977877523,402,35,30588,101960
512,3,0.65,1,-0.3570603793563076,0.6414629176533507,408,37,32235,107450
512,3,0.65,2,-0.346600440207001,0.5312718771699158,411,47,42720,142400
512,3,0.65,3,-0.3305629974256348,0.6663611906681881,402,35,30757,102523
512,3,0.65,4,-0.30892877651927175,0.7128540348088257,420,32,26035,86783
512,3,0.65,5,-0.35984582781040914,0.6409996340821895,408,37,32399,107997
512,3,0.65,6,-0.33688622566344645,0.5695813538408666,402,44,39761,132537
512,3,0.65,7,-0.3466074472616941,0.6852904294483171,429,35,29861,99537
512,3,0.65,8,-0.3636448749029452,0.5601215661262889,402,44,40849,136163
512,3,0.65,9,-0.3320629778313439,0.637981891442768,411,38,33888,112960
512,3,0.65,10,-0.3085983258088329,0.7414524540808307,411,29,22207,74023
512,3,0.65,11,-0.28831034725025934,0.7505030070961322,408,28,21996,73320
512,3,0.65,12,-0.3558101841505872,0.6435025933708516,408,37,32448,108160
512,3,0.65,13,-0.32414219590634263,0.6573422911412128,402,35,30104,100347
512,3,0.65,14,-0.31220588133043703,0.6850934793298311,426,34,27847,92823
512,3,0.65,15,-0.31511902317384083,0.566525528828288,402,44,40690,135633
512,3,0.65,16,-0.32230236816483526,0.721639156635756,417,31,24960,83200
512,3,0.65,17,-0.33316406305924495,0.7014285130554883,426,34,28869,96230
512,3,0.65,18,-0.3522057349145425,0.5697580027672451,405,45,42466,141553
512,3,0.65,19,-0.31042157706293455,0.7209544829450859,417,31,25629,85430
512,3,0.65,20,-0.30684522267045977,0.7004807844013786,423,33,26477,88257
512,3,0.65,21,-0.35164487649320153,0.5686917125637441,402,44,40069,133563
512,3,0.65,22,-0.30932400431838847,0.7568854485947238,408,28,22492,74973
512,3,0.65,23,-0.2477928684112257,0.8336592877944763,420,23,16160,53867
512,3,0.65,24,-0.2590243319984043,0.7757922888725084,402,26,20251,67503
512,3,0.65,25,-0.278436891614338,0.7587581649374737,405,27,21059,70197
512,3,0.65,26,-0.3523507530482654,0.6301551586860127,417,40,36731,122437
512,3,0.65,27,-0.3223167422272551,0.6604497338186484,402,35,29815,99383
512,3,0.65,28,-0.35414646202415295,0.6460084551663481,405,36,30411,101370
512,3,0.65,29,-0.35377437626546904,0.6564265449179769,402,35,30791,102637
512,3,0.7,0,-0.3285007072850563,0.6661920977877523,402,35,30588,101960
512,3,0.7,1,-0.3577995272670873,0.664705938044914,402,35,30147,100490
512,3,0.7,2,-0.3471201640180251,0.5342364579193016,411,47,43424,144747
512,3,0.7,3,-0.3223036135699278,0.7212550391236655,420,32,27343,91143
512,3,0.7,4,-0.32908126842142255,0.6650113083867129,402,35,30999,103330
512,3,0.7,5,-0.3548016585907545,0.5725980145150258,402,44,41654,138847
512,3,0.7,6,-0.32723829692434264,0.6661525365836789,402,35,30210,100700
512,3,0.7,7,-0.34757723895091797,0.6846404871851715,429,35,29689,98963
512,3,0.7,8,-0.3636448749029452,0.5601215661262889,402,44,40849,136163
512,3,0.7,9,-0.3399717613184965,0.5712258114760705,402,44,41297,137657
512,3,0.7,10,-0.3084974215683769,0.7379171108294681,411,29,22133,73777
512,3,0.7,11,-0.3265846100085278,0.637676188492309,408,37,31802,106007
512,3,0.7,12,-0.3558101841505872,0.6435025933708516,408,37,32448,108160
512,3,0.7,13,-0.34521971915668037,0.6192728106443729,420,41,37698,125660
512,3,0.7,14,-0.3190373425994554,0.6855384829359071,429,35,29069,96897
512,3,0.7,15,-0.31608862865659154,0.5684363282742706,402,44,41219,137397
512,3,0.7,16,-0.31810062503385017,0.7157696468585852,417,31,24285,80950
512,3,0.7,17,-0.3478545291358292,0.6487403910397621,408,37,33710,112367
512,3,0.7,18,-0.3598209659821241,0.5390733280409545,414,48,44760,149200
512,3,0.7,19,-0.3507551532197753,0.5662414815374226,402,44,41022,136740
512,3,0.7,20,-0.30684522267045977,0.7004807844013786,423,33,26477,88257
512,3,0.7,21,-0.3466998671263862,0.4961868648429019,402,53,50941,169803
512,3,0.7,22,-0.30932400431838847,0.7568854485947238,408,28,22492,74973
512,3,0.7,23,-0.3334713561715247,0.7197030356425285,420,32,27086,90287
512,3,0.7,24,-0.3121005550359121,0.6676844889022214,402,35,30387,101290
512,3,0.7,25,-0.33608163904314187,0.6607043819086102,402,35,30392,101307
512,3,0.7,26,-0.3509787703525571,0.6309177478013533,417,40,36625,122083
512,3,0.7,27,-0.3463170551376354,0.6063436947074615,420,41,35827,119423
512,3,0.7,28,-0.3593932867740307,0.6167030088950043,420,41,36174,120580
512,3,0.7,29,-0.34402666270880017,0.6982961533148013,423,33,27677,92257
512,3,0.75,0,-0.3372608076182217,0.6011348659563212,426,43,38280,127600
512,3,0.75,1,-0.35749749522259927,0.5100314807754639,429,53,49790,165967
512,3,0.75,2,-0.3456790575697891,0.4771821120213882,402,53,50323,167743
512,3,0.75,3,-0.28655864078824367,0.7612272310540226,405,27,21016,70053
512,3,0.75,4,-0.33805961289800696,0.5979426757989275,426,43,39141,130470
512,3,0.75,5,-0.3361808140800106,0.450759535236751,402,62,63811,212703
512,3,0.75,6,-0.3363845946982937,0.6032774132797933,426,43,38420,128067
512,3,0.75,7,-0.34757723895091797,0.6846404871851715,429,35,29689,98963
512,3,0.75,8,-0.3659945679267175,0.560186204859726,405,45,42553,141843
512,3,0.75,9,-0.3507310632471396,0.5707240929145573,402,44,41530,138433
512,3,0.75,10,-0.35415623928871826,0.5973934380793021,429,44,41482,138273
512,3,0.75,11,-0.337947054804261,0.5605082549453383,402,44,40010,133367
512,3,0.75,12,-0.35280454337824485,0.6167310674145579,414,39,32974,109913
512,3,0.75,13,-0.33520719266173044,0.5450259895550381,411,47,43475,144917
512,3,0.75,14,-0.3190373425994554,0.6855384829359071,429,35,29069,96897
512,3,0.75,15,-0.3148768258671481,0.496342923357368,402,53,51713,172377
512,3,0.75,16,-0.35018172663974323,0.6023071515371663,426,43,38534,128447
512,3,0.75,17,-0.3478545291358292,0.6487403910397621,408,37,33710,112367
512,3,0.75,18,-0.3409130215424935,0.434148407364427,402,62,62331,207770
512,3,0.75,19,-0.3680774158833497,0.5594866239903531,405,45,43237,144123
512,3,0.75,20,-0.32136822501655554,0.6592680873668565,402,35,29815,99383
512,3,0.75,21,-0.3410144842480085,0.6290980301955095,411,38,32453,108177
512,3,0.75,22,-0.3434593113532156,0.6688178259920917,402,35,31263,104210
512,3,0.75,23,-0.34401722639503457,0.6637531082133094,402,35,30858,102860
512,3,0.75,24,-0.3194997692947418,0.7775878523223946,402,26,20090,66967
512,3,0.75,25,-0.341135621898313,0.6577650340260611,405,36,31369,104563
512,3,0.75,26,-0.3622335598868086,0.627267074970739,417,40,36191,120637
512,3,0.75,27,-0.3463170551376354,0.6063436947074615,420,41,35827,119423
512,3,0.75,28,-0.3649268366297706,0.6260300695056733,420,41,37655,125517
512,3,0.75,29,-0.3477960785587395,0.6823553511114189,429,35,30017,100057
512,3,0.8,0,-0.3513984474384749,0.6059736576437849,426,43,39340,131133
512,3,0.8,1,-0.35985816279170746,0.5101697142296316,429,53,50308,167693
512,3,0.8,2,-0.3460166277611084,0.4750682535407528,405,54,51580,171933
512,3,0.8,3,-0.32601492130205667,0.6848264691922192,429,35,29997,99990
512,3,0.8,4,-0.34141009196222016,0.608798118014682,426,43,39450,131500
512,3,0.8,5,-0.3105485813956431,0.38011250384989603,417,76,77898,259660
512,3,0.8,6,-0.34596760524048026,0.5563323682808369,402,44,39703,132343
512,3,0.8,7,-0.35962481168716276,0.5606902707956452,402,44,39966,133220
512,3,0.8,8,-0.3659945679267175,0.560186204859726,405,45,42553,141843
512,3,0.8,9,-0.3435602377743442,0.4701102874298288,414,57,56801,189337
512,3,0.8,10,-0.3561158442190382,0.4720478580990176,408,55,53217,177390
512,3,0.8,11,-0.3353270747642343,0.5617410898030722,402,44,39696,132320
512,3,0.8,12,-0.35245620783661263,0.48460779842646357,402,53,51214,170713
512,3,0.8,13,-0.344934562296857,0.5649555751137559,402,44,40801,136003
512,3,0.8,14,-0.340311555277728,0.5761605135513993,402,44,42048,140160
512,3,0.8,15,-0.33555476706870935,0.6367034633429741,414,39,35791,119303
512,3,0.8,16,-0.35057077264935077,0.5604564087939643,402,44,39761,132537
512,3,0.8,17,-0.35226900500965447,0.5681419791113351,402,44,41312,137707
512,3,0.8,18,-0.3345410644727568,0.41285516564405916,417,67,66992,223307
512,3,0.8,19,-0.35711013950365156,0.4754697427444363,405,54,52171,173903
512,3,0.8,20,-0.31949174859339824,0.6514775979777097,402,35,28724,95747
512,3,0.8,21,-0.3498156948508514,0.5595468511180951,405,45,41454,138180
512,3,0.8,22,-0.3388262591527711,0.575845594901791,402,44,41252,137507
512,3,0.8,23,-0.34646712064628626,0.6708705036015609,402,35,31435,104783
512,3,0.8,24,-0.35888129848824596,0.6201995264284111,414,39,34036,113453
512,3,0.8,25,-0.3467048397809002,0.5921131951151298,429,44,39953,133177
512,3,0.8,26,-0.36030789985017825,0.5223706249144467,426,52,49797,165990
512,3,0.8,27,-0.34651946306636755,0.624070449282051,414,39,33903,113010
512,3,0.8,28,-0.36844194639294303,0.6306236275763328,420,41,38418,128060
512,3,0.8,29,-0.36089000379134945,0.5975217164827775,426,43,39525,131750
512,3,0.85,0,-0.354709932410312,0.4848913389986433,414,57,57518,191727
512,3,0.85,1,-0.35820860444046304,0.49743714498629704,402,53,51779,172597
512,3,0.85,2,-0.33417415272382506,0.4253898615639938,402,62,61360,204533
512,3,0.85,3,-0.3423932504601623,0.4318208917025691,402,62,62460,208200
512,3,0.85,4,-0.3342795271516536,0.41351506277735306,429,71,72976,243253
512,3,0.85,5,-0.29062582638596496,0.34155253306641786,417,85,88081,293603
512,3,0.85,6,-0.3470008350901171,0.49940209109231565,408,55,53628,178760
512,3,0.85,7,-0.3497721913933246,0.4495966530832075,426,61,59750,199167
512,3,0.85,8,-0.3272367996501411,0.4021329851312861,402,71,73614,245380
512,3,0.85,9,-0.3350751721179338,0.42703393793369915,402,62,62638,208793
512,3,0.85,10,-0.3020949014353662,0.35954567977414165,402,80,84236,280787
512,3,0.85,11,-0.32981825007734716,0.4656977977899238,414,57,54403,181343
512,3,0.85,12,-0.3218165356974979,0.3721482600459335,402,71,71770,239233
512,3,0.85,13,-0.3462502131199742,0.4830572190240358,402,53,51646,172153
512,3,0.85,14,-0.33037036765010414,0.42713894180333556,402,62,61754,205847
512,3,0.85,15,-0.33555476706870935,0.6367034633429741,414,39,35791,119303
512,3,0.85,16,-0.34496693616835666,0.48349982498219835,402,53,49316,164387
512,3,0.85,17,-0.3495066940721297,0.46653737051836563,417,58,55962,186540
512,3,0.85,18,-0.2918124722409812,0.3386617416332506,405,81,84222,280740
512,3,0.85,19,-0.33609582667420296,0.41896084259586125,417,67,68957,229857
512,3,0.85,20,-0.3378631072320738,0.44434917168099614,417,58,54724,182413
512,3,0.85,21,-0.34543745471574455,0.47810635111275224,408,55,51544,171813
512,3,0.85,22,-0.33818556247456477,0.5390457407158307,417,49,45248,150827
512,3,0.85,23,-0.33539201715873973,0.4499079855003075,402,62,63804,212680
512,3,0.85,24,-0.3464360079368476,0.445809308382041,402,62,63560,211867
512,3,0.85,25,-0.28656449020436225,0.34601740790032925,402,80,80175,267250
512,3,0.85,26,-0.35450502112005944,0.4678570720256674,408,55,52855,176183
512,3,0.85,27,-0.3313514398213481,0.42877979595051596,402,62,60377,201257
512,3,0.85,28,-0.36247768183836865,0.5135444710964927,402,53,54380,181267
512,3,0.85,29,-0.3562885040977318,0.6550642346077942,402,35,31620,105400
512,3,0.9,0,-0.3558656626944837,0.49132051859391385,414,57,58721,195737
512,3,0.9,1,-0.3599549646013736,0.5168120044759273,429,53,51087,170290
512,3,0.9,2,-0.31683582966246954,0.38368213110085103,402,71,71827,239423
512,3,0.9,3,-0.3009163843947225,0.370312856734636,402,80,85042,283473
512,3,0.9,4,-0.29179498644025165,0.3465998995438424,423,87,91517,305057
512,3,0.9,5,-0.291942062433223,0.3547121845243688,417,85,88957,296523
512,3,0.9,6,-0.3097250895925689,0.38905959249984545,420,77,79677,265590
512,3,0.9,7,-0.2953119956036675,0.3545160168159009,405,81,84881,282937
512,3,0.9,8,-0.3225724829866067,0.4032057652691296,417,76,79388,264627
512,3,0.9,9,-0.2889892036139962,0.35366171862494344,429,89,94350,314500
512,3,0.9,10,-0.30002726131424146,0.3609657249331156,402,80,84330,281100
512,3,0.9,11,-0.33902468556125087,0.41492697014254465,414,66,64884,216280
512,3,0.9,12,-0.30891886443587024,0.35746910810751115,426,79,81087,270290
512,3,0.9,13,-0.3325307058944871,0.41814562205920525,402,62,61363,204543
512,3,0.9,14,-0.26019295406144666,0.3323271503710076,402,89,95274,317580
512,3,0.9,15,-0.28265980586443157,0.3606277363790508,417,85,90006,300020
512,3,0.9,16,-0.3428367543483581,0.4695477925334794,417,58,56312,187707
512,3,0.9,17,-0.3402448508094674,0.43151018730804,408,64,65052,216840
512,3,0.9,18,-0.2918124722409812,0.3386617416332506,405,81,84222,280740
512,3,0.9,19,-0.2941722480172063,0.3579441739128057,405,81,84372,281240
512,3,0.9,20,-0.3118470272551938,0.3871038731504199,405,72,72517,241723
512,3,0.9,21,-0.3283462783000805,0.4185302421625537,414,66,65076,216920
512,3,0.9,22,-0.3051839533844243,0.3924946159620283,402,71,72631,242103
512,3,0.9,23,-0.2900268708882596,0.3726419104527515,402,80,84047,280157
512,3,0.9,24,-0.34556703185750487,0.4417844776718514,402,62,63474,211580
512,3,0.9,25,-0.2819436619641898,0.33888397646513024,411,83,83996,279987
512,3,0.9,26,-0.29910770488941407,0.3535448562016198,402,80,82010,273367
512,3,0.9,27,-0.31126197228273883,0.3826789936884507,402,71,70908,236360
512,3,0.9,28,-0.32072551446725717,0.38181229506131914,414,75,76759,255863
512,3,0.9,29,-0.3486879178583756,0.4444930537160288,420,59,57218,190727
512,3,0.95,0,-0.32562944803207633,0.3994349320554805,402,71,75037,250123
512,3,0.95,1,-0.34534708711203116,0.44402465472194214,402,62,62580,208600
512,3,0.95,2,-0.2914794304687025,0.35715235026762,402,80,81278,270927
512,3,0.95,3,-0.29970306943586755,0.35650169172979745,402,80,82794,275980
512,3,0.95,4,-0.23017380072455432,0.32380524587342485,411,101,106466,354887
512,3,0.95,5,-0.23509241097099987,0.33197341683913256,402,98,103714,345713
512,3,0.95,6,-0.22464625198805296,0.34849355326685666,402,98,103932,346440
512,3,0.95,7,-0.2226564242261098,0.3342321381321294,426,106,113560,378533
512,3,0.95,8,-0.2987127944084238,0.3649094883909403,417,85,87197,290657
512,3,0.95,9,-0.18589176171956906,0.33164765405402313,411,110,118795,395983
512,3,0.95,10,-0.2689123768865777,0.34432762803340333,402,89,94171,313903
512,3,0.95,11,-0.26821587188527746,0.3178783303831842,402,89,92808,309360
512,3,0.95,12,-0.26337938373477837,0.32979664678974324,411,92,98711,329037
512,3,0.95,13,-0.32969550857191093,0.4128689240289867,408,64,62881,209603
512,3,0.95,14,-0.29899155943679223,0.36045432967212687,402,80,83696,278987
512,3,0.95,15,-0.31354297272078413,0.4049984530234639,405,72,75652,252173
512,3,0.95,16,-0.3092244279031359,0.373948805566955,417,76,77612,258707
512,3,0.95,17,-0.18508908565305096,0.3204705919951533,402,107,111358,371193
512,3,0.95,18,-0.2596941420058901,0.33522868767057473,420,95,99132,330440
512,3,0.95,19,-0.12058775308005958,0.3486296741517942,408,118,127101,423670
512,3,0.95,20,-0.2483078428943673,0.3156119504308557,429,98,101561,338537
512,3,0.95,21,-0.2576099902838077,0.33820861001042823,402,89,93425,311417
512,3,0.95,22,-0.28072075340228037,0.36899475427050354,402,80,84467,281557
512,3,0.95,23,-0.27076084739059053,0.3591059851362051,402,89,94020,313400
512,3,0.95,24,-0.27220027293478344,0.3373019587512825,402,89,93683,312277
512,3,0.95,25,-0.22354670061404916,0.3384551813558113,402,98,102691,342303
512,3,0.95,26,-0.23711920068899353,0.33289218325322095,402,98,102962,343207
512,3,0.95,27,-0.26649636750996386,0.3436655482951066,405,90,92592,308640
512,3,0.95,28,-0.30545763838694723,0.3844437862371921,402,71,71966,239887
512,3,0.95,29,-0.27011034430119096,0.3343584972687568,402,89,92755,309183
512,3,1.0,0,0.17890140690807393,0.3788726596597763,402,134,145778,485927
512,3,1.0,1,0.17589509713326254,0.363741102357182,402,134,145121,483737
512,3,1.0,2,0.18006382702609552,0.37720427287145586,402,134,142574,475247
512,3,1.0,3,0.17806869522757324,0.39001247347540363,402,134,146023,486743
512,3,1.0,4,0.18221086956602772,0.3698847887931137,402,134,145489,484963
512,3,1.0,5,0.16353320254631987,0.38362532688563683,402,134,144768,482560
512,3,1.0,6,0.18681126064481407,0.4117239893934843,402,134,144556,481853
512,3,1.0,7,0.1629427511916927,0.38135476050321077,402,134,148454,494847
512,3,1.0,8,0.17600702698789128,0.3745695748845726,402,134,146782,489273
512,3,1.0,9,0.18072772019498448,0.3763360860923192,402,134,145739,485797
512,3,1.0,10,0.16584044825042502,0.3777351656568483,402,134,145941,486470
512,3,1.0,11,0.1863865509631736,0.3692276823268707,402,134,145518,485060
512,3,1.0,12,0.1509508756350964,0.3634145941622086,402,134,149035,496783
512,3,1.0,13,0.1710496117925886,0.36507233557746,402,134,145678,485593
512,3,1.0,14,0.17540779618524507,0.3743340318871607,402,134,147297,490990
512,3,1.0,15,0.17129751535772783,0.38442072854106146,402,134,144613,482043
512,3,1.0,16,0.1874997396748999,0.3679382169647355,402,134,145604,485347
512,3,1.0,17,0.17651626700946504,0.38986439698831793,402,134,146777,489257
512,3,1.0,18,0.1608447676101746,0.37277059305772003,402,134,146910,489700
512,3,1.0,19,0.16128315519412467,0.39086694394287974,402,134,145362,484540
512,3,1.0,20,0.18392248979418077,0.36460908306808054,402,134,146265,487550
512,3,1.0,21,0.17611850087216102,0.3714602068342945,402,134,149054,496847
512,3,1.0,22,0.18637900154726347,0.36662361529263565,402,134,144930,483100
512,3,1.0,23,0.18890430712464656,0.3804508901183007,402,134,144835,482783
512,3,1.0,24,0.17147492301008285,0.36631233974104693,402,134,145699,485663
512,3,1.0,25,0.19629968466067974,0.3787920992891555,402,134,145359,484530
512,3,1.0,26,0.18862959551130737,0.3818294478739786,402,134,146986,489953
512,3,1.0,27,0.17836816007056297,0.35739851858872657,402,134,147461,491537
512,3,1.0,28,0.18215124312754413,0.3671181330597133,402,134,146027,486757
512,3,1.0,29,0.17522171368751563,0.3916429359314989,402,134,146578,488593
512,2,0.0,0,0.5750512581643069,0.9718299428027015,420,14,5456,18187
512,2,0.0,1,0.585376002653767,0.9685818397388324,420,14,5398,17993
512,2,0.0,2,0.5789521202064193,0.9689765277781252,420,14,5352,17840
512,2,0.0,3,0.5815878114099495,0.9684450477900782,420,14,5373,17910
512,2,0.0,4,0.5834550589485415,0.969969831603386,420,14,5418,18060
512,2,0.0,5,0.5734528579932686,0.9710785587898713,420,14,5351,17837
512,2,0.0,6,0.579470320036942,0.9666078103785098,420,14,5384,17947
512,2,0.0,7,0.5843599667220295,0.9682482587746815,420,14,5390,17967
512,2,0.0,8,0.5801483031092554,0.9686738632870349,420,14,5450,18167
512,2,0.0,9,0.5840759430347172,0.9731185806583277,420,14,5423,18077
512,2,0.0,10,0.5773277053168155,0.9677514251847831,420,14,5381,17937
512,2,0.0,11,0.5846254928607885,0.9681268126360303,420,14,5384,17947
512,2,0.0,12,0.5737098797647353,0.9686136026124776,420,14,5396,17987
512,2,0.0,13,0.5787817403335351,0.9740490970369028,420,14,5382,17940
512,2,0.0,14,0.582361165032076,0.9694556363199724,420,14,5386,17953
512,2,0.0,15,0.5855949855129625,0.9642490045794311,420,14,5373,17910
512,2,0.0,16,0.5793539484837094,0.9698097261069356,420,14,5388,17960
512,2,0.0,17,0.5755693367851736,0.9641543398279757,420,14,5363,17877
512,2,0.0,18,0.5775954840938211,0.9728892480580905,420,14,5322,17740
512,2,0.0,19,0.5750081025926822,0.9705740949795763,420,14,5322,17740
512,2,0.0,20,0.5822278039962568,0.9697904174327443,420,14,5401,18003
512,2,0.0,21,0.5796701906479936,0.9683685039737371,420,14,5392,17973
512,2,0.0,22,0.5775386795905434,0.9756617281031138,420,14,5350,17833
512,2,0.0,23,0.5797776978845695,0.9710478928614112,420,14,5371,17903
512,2,0.0,24,0.5772826300951502,0.9671594060365216,420,14,5417,18057
512,2,0.0,25,0.5772800804712577,0.9724891719331166,420,14,5381,17937
512,2,0.0,26,0.5800916306240563,0.969856171527413,420,14,5315,17717
512,2,0.0,27,0.5834921536731253,0.9728803713453089,420,14,5376,17920
512,2,0.0,28,0.6039694149142503,0.9695450308507018,420,14,5338,17793
512,2,0.0,29,0.6025948104834681,0.9744562393123981,420,14,5372,17907
512,2,0.05,0,0.392482483196889,0.9579299713893716,422,15,6350,21167
512,2,0.05,1,0.11473239259304917,0.9261601587741691,426,17,8306,27687
512,2,0.05,2,0.5789521202064193,0.9689765277781252,420,14,5352,17840
512,2,0.05,3,0.3548227125317508,0.9528393476437318,422,15,6408,21360
512,2,0.05,4,0.33956275068029734,0.9533242534467267,422,15,6523,21743
512,2,0.05,5,0.3972350782272523,0.9562303801743778,422,15,6248,20827
512,2,0.05,6,0.579470320036942,0.9666078103785098,420,14,5384,17947
512,2,0.05,7,0.5843599667220295,0.9682482587746815,420,14,5390,17967
512,2,0.05,8,0.5801483031092554,0.9686738632870349,420,14,5450,18167
512,2,0.05,9,0.5840759430347172,0.9731185806583277,420,14,5423,18077
512,2,0.05,10,0.5773277053168155,0.9677514251847831,420,14,5381,17937
512,2,0.05,11,0.38786741181602447,0.9555808167749874,422,15,6340,21133
512,2,0.05,12,0.5737098797647353,0.9686136026124776,420,14,5396,17987
512,2,0.05,13,0.5787817403335351,0.9740490970369028,420,14,5382,17940
512,2,0.05,14,0.582361165032076,0.9694556363199724,420,14,5386,17953
512,2,0.05,15,0.22357322711232436,0.9352403240038558,424,16,7422,24740
512,2,0.05,16,0.3562817096776333,0.9525924035839376,422,15,6456,21520
512,2,0.05,17,0.02541014356455555,0.9256771534469387,426,17,9043,30143
512,2,0.05,18,0.5775954840938211,0.9728892480580905,420,14,5322,17740
512,2,0.05,19,0.5750081025926822,0.9705740949795763,420,14,5322,17740
512,2,0.05,20,0.5822278039962568,0.9697904174327443,420,14,5401,18003
512,2,0.05,21,0.5796701906479936,0.9683685039737371,420,14,5392,17973
512,2,0.05,22,0.5775386795905434,0.9756617281031138,420,14,5350,17833
512,2,0.05,23,0.5797776978845695,0.9710478928614112,420,14,5371,17903
512,2,0.05,24,0.5772826300951502,0.9671594060365216,420,14,5417,18057
512,2,0.05,25,0.3631360390562195,0.959056710510577,422,15,6424,21413
512,2,0.05,26,0.37863211013866266,0.9582531045844714,422,15,6303,21010
512,2,0.05,27,0.5834921536731253,0.9728803713453089,420,14,5376,17920
512,2,0.05,28,0.3558055556754791,0.9559853301250016,422,15,6507,21690
512,2,0.05,29,0.21978317300036776,0.9421082503958512,424,16,7362,24540
512,2,0.1,0,0.392482483196889,0.9579299713893716,422,15,6350,21167
512,2,0.1,1,0.11473239259304917,0.9261601587741691,426,17,8306,27687
512,2,0.1,2,0.5789521202064193,0.9689765277781252,420,14,5352,17840
512,2,0.1,3,0.37305942615753757,0.9560551546553211,422,15,6352,21173
512,2,0.1,4,0.33956275068029734,0.9533242534467267,422,15,6523,21743
512,2,0.1,5,0.32712005618171697,0.955678922822277,422,15,6522,21740
512,2,0.1,6,0.579470320036942,0.9666078103785098,420,14,5384,17947
512,2,0.1,7,0.1758029157416525,0.9391995261429198,424,16,7614,25380
512,2,0.1,8,0.35653470721052133,0.9558824251545665,422,15,6500,21667
512,2,0.1,9,0.3455842227823951,0.9591310893009412,422,15,6575,21917
512,2,0.1,10,0.5773277053168155,0.9677514251847831,420,14,5381,17937
512,2,0.1,11,0.30050637921167445,0.9393664189264831,424,16,7045,23483
512,2,0.1,12,0.3139293146819008,0.9556007775779105,422,15,6617,22057
512,2,0.1,13,0.3844238717324872,0.9575049368951747,422,15,6280,20933
512,2,0.1,14,0.22586132019321775,0.9373240249588253,424,16,7432,24773
512,2,0.1,15,0.06411468374410655,0.91057002590304,428,18,9168,30560
512,2,0.1,16,0.2840553165677818,0.9530546158158523,422,15,6747,22490
512,2,0.1,17,0.02541014356455555,0.9256771534469387,426,17,9043,30143
512,2,0.1,18,0.5775954840938211,0.9728892480580905,420,14,5322,17740
512,2,0.1,19,0.32762593825726144,0.9535617567241197,422,15,6492,21640
512,2,0.1,20,0.5822278039962568,0.9697904174327443,420,14,5401,18003
512,2,0.1,21,0.5796701906479936,0.9683685039737371,420,14,5392,17973
512,2,0.1,22,-0.034930314956542564,0.9119540549010101,428,18,9652,32173
512,2,0.1,23,0.5797776978845695,0.9710478928614112,420,14,5371,17903
512,2,0.1,24,0.011224989560427275,0.9151238760464825,428,18,9736,32453
512,2,0.1,25,0.11312302257739183,0.9288507527876566,426,17,8298,27660
512,2,0.1,26,0.24146732832778417,0.94109761432752,424,16,7207,24023
512,2,0.1,27,0.5834921536731253,0.9728803713453089,420,14,5376,17920
512,2,0.1,28,0.3558055556754791,0.9559853301250016,422,15,6507,21690
512,2,0.1,29,0.08079733220232352,0.9285096136972746,426,17,8594,28647
512,2,0.15,0,0.392482483196889,0.9579299713893716,422,15,6350,21167
512,2,0.15,1,0.10949231736694671,0.9173308077617284,426,17,8343,27810
512,2,0.15,2,-0.09620797635653976,0.8902360816621352,400,18,10077,33590
512,2,0.15,3,0.37305942615753757,0.9560551546553211,422,15,6352,21173
512,2,0.15,4,0.33956275068029734,0.9533242534467267,422,15,6523,21743
512,2,0.15,5,0.32712005618171697,0.955678922822277,422,15,6522,21740
512,2,0.15,6,0.579470320036942,0.9666078103785098,420,14,5384,17947
512,2,0.15,7,0.1758029157416525,0.9391995261429198,424,16,7614,25380
512,2,0.15,8,0.05021648963376584,0.9286992715103137,426,17,9019,30063
512,2,0.15,9,0.18036598415723404,0.9372113123139225,424,16,7609,25363
512,2,0.15,10,-0.004985912122445176,0.9111261575319819,428,18,9302,31007
512,2,0.15,11,0.2781633707530258,0.9410080294259402,424,16,7135,23783
512,2,0.15,12,0.04036554946388716,0.9106903602345456,428,18,9162,30540
512,2,0.15,13,-0.12939593394534557,0.8781513257058432,402,19,11023,36743
512,2,0.15,14,0.13247662932603196,0.9247325919141531,426,17,8211,27370
512,2,0.15,15,0.13322197783258255,0.9207362092634661,426,17,8266,27553
512,2,0.15,16,0.2840553165677818,0.9530546158158523,422,15,6747,22490
512,2,0.15,17,-0.21641403084961558,0.865374120475166,404,20,12500,41667
512,2,0.15,18,0.5775954840938211,0.9728892480580905,420,14,5322,17740
512,2,0.15,19,0.32762593825726144,0.9535617567241197,422,15,6492,21640
512,2,0.15,20,-0.13967654594749596,0.8853136361779727,402,19,11265,37550
512,2,0.15,21,0.5796701906479936,0.9683685039737371,420,14,5392,17973
512,2,0.15,22,-0.034930314956542564,0.9119540549010101,428,18,9652,32173
512,2,0.15,23,0.05258486105440457,0.9290154168505134,426,17,8676,28920
512,2,0.15,24,-0.05132056538708764,0.8957256868277216,400,18,10174,33913
512,2,0.15,25,0.11312302257739183,0.9288507527876566,426,17,8298,27660
512,2,0.15,26,0.24146732832778417,0.94109761432752,424,16,7207,24023
512,2,0.15,27,0.5834921536731253,0.9728803713453089,420,14,5376,17920
512,2,0.15,28,-0.02143767566046047,0.8933619724267252,400,18,9438,31460
512,2,0.15,29,0.08079733220232352,0.9285096136972746,426,17,8594,28647
512,2,0.2,0,0.392482483196889,0.9579299713893716,422,15,6350,21167
512,2,0.2,1,0.10949231736694671,0.9173308077617284,426,17,8343,27810
512,2,0.2,2,-0.2509994750980303,0.8538559139296789,406,21,13532,45107
512,2,0.2,3,0.37305942615753757,0.9560551546553211,422,15,6352,21173
512,2,0.2,4,0.0716092718473432,0.922303129314349,426,17,8663,28877
512,2,0.2,5,-0.036743710853693635,0.892500576817622,400,18,9663,32210
512,2,0.2,6,0.579470320036942,0.9666078103785098,420,14,5384,17947
512,2,0.2,7,0.1758029157416525,0.9391995261429198,424,16,7614,25380
512,2,0.2,8,0.1144471810363358,0.9280100749231175,426,17,8343,27810
512,2,0.2,9,0.18036598415723404,0.9372113123139225,424,16,7609,25363
512,2,0.2,10,-0.262190594416665,0.8376900233682864,408,22,14065,46883
512,2,0.2,11,0.13851143650883388,0.9300482251448899,426,17,8253,27510
512,2,0.2,12,-0.06942277274747173,0.8931667157395621,400,18,10013,33377
512,2,0.2,13,-0.12939593394534557,0.8781513257058432,402,19,11023,36743
512,2,0.2,14,0.0496418993453492,0.9136060545984312,428,18,9151,30503
512,2,0.2,15,0.10225537482463774,0.9276417090794965,426,17,8551,28503
512,2,0.2,16,0.2840553165677818,0.9530546158158523,422,15,6747,22490
512,2,0.2,17,-0.25549718431590457,0.8542598824384745,406,21,13720,45733
512,2,0.2,18,-0.046851716983137566,0.9161534747891759,428,18,10045,33483
512,2,0.2,19,0.32762593825726144,0.9535617567241197,422,15,6492,21640
512,2,0.2,20,-0.13967654594749596,0.8853136361779727,402,19,11265,37550
512,2,0.2,21,-0.14344589040760053,0.9009988787042185,400,18,10540,35133
512,2,0.2,22,-0.034930314956542564,0.9119540549010101,428,18,9652,32173
512,2,0.2,23,0.05258486105440457,0.9290154168505134,426,17,8676,28920
512,2,0.2,24,-0.07923805311999187,0.8986173380623125,400,18,10182,33940
512,2,0.2,25,0.11312302257739183,0.9288507527876566,426,17,8298,27660
512,2,0.2,26,0.24146732832778417,0.94109761432752,424,16,7207,24023
512,2,0.2,27,0.3623416151218526,0.9599244813389778,422,15,6434,21447
512,2,0.2,28,-0.2294450376689805,0.8418851226279023,408,22,14058,46860
512,2,0.2,29,0.08079733220232352,0.9285096136972746,426,17,8594,28647
512,2,0.25,0,0.15168187822693704,0.9271180980962626,426,17,8210,27367
512,2,0.25,1,-0.07896544483211772,0.888239959620299,400,18,10129,33763
512,2,0.25,2,-0.3013644857965116,0.8309929922568218,410,23,15555,51850
512,2,0.25,3,-0.15585822869856192,0.8824257660117245,402,19,11033,36777
512,2,0.25,4,0.08336515133780639,0.922396810573283,426,17,8401,28003
512,2,0.25,5,-0.09045369926736425,0.8775161681305387,402,19,10615,35383
512,2,0.25,6,0.23703899294510286,0.9382772967234707,424,16,7313,24377
512,2,0.25,7,0.1758029157416525,0.9391995261429198,424,16,7614,25380
512,2,0.25,8,0.07433136467781658,0.926683359382346,426,17,8519,28397
512,2,0.25,9,0.020172019020727867,0.9118143977590129,428,18,9499,31663
512,2,0.25,10,-0.2705764149715003,0.8395957741742625,408,22,14099,46997
512,2,0.25,11,0.06633807554026838,0.914792827140419,428,18,9130,30433
512,2,0.25,12,-0.15215651238006303,0.8797612653551831,402,19,10961,36537
512,2,0.25,13,-0.16759227157173184,0.8792086411957114,402,19,11697,38990
512,2,0.25,14,-0.21717475988235407,0.8624897711617937,404,20,12534,41780
512,2,0.25,15,0.10225537482463774,0.9276417090794965,426,17,8551,28503
512,2,0.25,16,0.2840553165677818,0.9530546158158523,422,15,6747,22490
512,2,0.25,17,-0.2792778250381327,0.8412587471335174,408,22,14686,48953
512,2,0.25,18,-0.1259218123443151,0.8965489310096222,400,18,10730,35767
512,2,0.25,19,0.32762593825726144,0.9535617567241197,422,15,6492,21640
512,2,0.25,20,-0.13967654594749596,0.8853136361779727,402,19,11265,37550
512,2,0.25,21,-0.1712381786531049,0.8964867773706457,400,18,10237,34123
512,2,0.25,22,-0.14833203880450416,0.8798474545849588,402,19,11001,36670
512,2,0.25,23,-0.1198326998428093,0.9004359335572159,400,18,11057,36857
512,2,0.25,24,-0.07923805311999187,0.8986173380623125,400,18,10182,33940
512,2,0.25,25,0.11312302257739183,0.9288507527876566,426,17,8298,27660
512,2,0.25,26,0.24146732832778417,0.94109761432752,424,16,7207,24023
512,2,0.25,27,-0.16554595026445645,0.8975015075207653,400,18,10569,35230
512,2,0.25,28,-0.2294450376689805,0.8418851226279023,408,22,14058,46860
512,2,0.25,29,0.08079733220232352,0.9285096136972746,426,17,8594,28647
512,2,0.3,0,0.15168187822693704,0.9271180980962626,426,17,8210,27367
512,2,0.3,1,-0.07896544483211772,0.888239959620299,400,18,10129,33763
512,2,0.3,2,-0.3450356808119959,0.8059419870114519,414,25,17969,59897
512,2,0.3,3,-0.15585822869856192,0.8824257660117245,402,19,11033,36777
512,2,0.3,4,0.07258575505906048,0.9200539632931896,426,17,8453,28177
512,2,0.3,5,-0.09045369926736425,0.8775161681305387,402,19,10615,35383
512,2,0.3,6,0.028828070434159057,0.9325702049725707,426,17,9109,30363
512,2,0.3,7,0.06925270452872644,0.926582331832362,426,17,8669,28897
512,2,0.3,8,-0.21634136497873277,0.8712763369487304,404,20,12558,41860
512,2,0.3,9,-0.22324648027171776,0.8526741366763292,406,21,13678,45593
512,2,0.3,10,-0.27199457170933555,0.8557425064964223,406,21,14087,46957
512,2,0.3,11,0.06633807554026838,0.914792827140419,428,18,9130,30433
512,2,0.3,12,-0.20610595365886328,0.8669338854335565,404,20,12213,40710
512,2,0.3,13,-0.16983685638299903,0.8811402363243606,402,19,10914,36380
512,2,0.3,14,-0.09768399106569763,0.8933805275581377,400,18,10048,33493
512,2,0.3,15,0.10225537482463774,0.9276417090794965,426,17,8551,28503
512,2,0.3,16,-0.3051427279349204,0.8424432379108348,408,22,15195,50650
512,2,0.3,17,-0.21041892030635145,0.8653000069303578,404,20,12437,41457
512,2,0.3,18,-0.31408690293327385,0.8075957234273384,412,24,16227,54090
512,2,0.3,19,0.32762593825726144,0.9535617567241197,422,15,6492,21640
512,2,0.3,20,-0.19848790808457928,0.8752791635068896,404,20,12772,42573
512,2,0.3,21,-0.1712381786531049,0.8964867773706457,400,18,10237,34123
512,2,0.3,22,-0.14833203880450416,0.8798474545849588,402,19,11001,36670
512,2,0.3,23,-0.20803425484725735,0.8592514406330649,406,21,13632,45440
512,2,0.3,24,-0.07923805311999187,0.8986173380623125,400,18,10182,33940
512,2,0.3,25,0.11312302257739183,0.9288507527876566,426,17,8298,27660
512,2,0.3,26,-0.22185541028459635,0.8621425371409532,404,20,12070,40233
512,2,0.3,27,-0.254307988747653,0.8706613901797586,404,20,12788,42627
512,2,0.3,28,-0.2294450376689805,0.8418851226279023,408,22,14058,46860
512,2,0.3,29,-0.11862193419081624,0.881420036232666,402,19,11048,36827
512,2,0.35,0,0.34645026801668005,0.954844862493813,422,15,6472,21573
512,2,0.35,1,-0.2608504526027522,0.8393072583187529,408,22,14233,47443
512,2,0.35,2,-0.31306715331438706,0.8272997652154606,410,23,16038,53460
512,2,0.35,3,-0.15585822869856192,0.8824257660117245,402,19,11033,36777
512,2,0.35,4,-0.2274790949857748,0.8474381855501402,406,21,13094,43647
512,2,0.35,5,-0.14963896176284064,0.863651648602877,404,20,11751,39170
512,2,0.35,6,-0.1384812380050429,0.8858595987736256,402,19,11133,37110
512,2,0.35,7,-0.395816964413441,0.8033190684111629,414,25,18137,60457
512,2,0.35,8,-0.20812545455360934,0.884727698139289,402,19,11511,38370
512,2,0.35,9,-0.21278182185231304,0.848532726076082,406,21,13411,44703
512,2,0.35,10,-0.27199457170933555,0.8557425064964223,406,21,14087,46957
512,2,0.35,11,0.06633807554026838,0.914792827140419,428,18,9130,30433
512,2,0.35,12,-0.20610595365886328,0.8669338854335565,404,20,12213,40710
512,2,0.35,13,-0.14360290552658095,0.8802545480615609,402,19,10962,36540
512,2,0.35,14,-0.22814037132483286,0.8523025871823894,406,21,12976,43253
512,2,0.35,15,-0.07398741606813107,0.8979813816197963,400,18,10449,34830
512,2,0.35,16,-0.3051427279349204,0.8424432379108348,408,22,15195,50650
512,2,0.35,17,-0.25893565309716815,0.8345005773011317,408,22,14206,47353
512,2,0.35,18,-0.36954041219914974,0.7779874567829467,418,27,19451,64837
512,2,0.35,19,0.1596419579332162,0.9412640550890025,424,16,7617,25390
512,2,0.35,20,-0.3346102198806451,0.7904419451111123,416,26,19153,63843
512,2,0.35,21,-0.1712381786531049,0.8964867773706457,400,18,10237,34123
512,2,0.35,22,-0.2898057092868711,0.8472214216137106,408,22,14765,49217
512,2,0.35,23,-0.20803425484725735,0.8592514406330649,406,21,13632,45440
512,2,0.35,24,-0.07923805311999187,0.8986173380623125,400,18,10182,33940
512,2,0.35,25,-0.009875848735723997,0.9161957442842227,428,18,9386,31287
512,2,0.35,26,-0.22185541028459635,0.8621425371409532,404,20,12070,40233
512,2,0.35,27,-0.2562308932358917,0.8689673584773053,404,20,12786,42620
512,2,0.35,28,-0.2294450376689805,0.8418851226279023,408,22,14058,46860
512,2,0.35,29,-0.33972686040415867,0.7925704406372007,416,26,18232,60773
512,2,0.4,0,-0.051122207637451025,0.8961634542014029,400,18,9843,32810
512,2,0.4,1,-0.2608504526027522,0.8393072583187529,408,22,14233,47443
512,2,0.4,2,-0.33181346191594585,0.8154961414850613,412,24,17014,56713
512,2,0.4,3,-0.4477835172373595,0.688705437683021,400,32,25112,83707
512,2,0.4,4,-0.2974123003043207,0.8241819415978495,410,23,15472,51573
512,2,0.4,5,-0.2370589894787816,0.8423725082316735,408,22,14222,47407
512,2,0.4,6,-0.1384812380050429,0.8858595987736256,402,19,11133,37110
512,2,0.4,7,-0.4367670694560589,0.7553903560339219,422,29,22015,73383
512,2,0.4,8,-0.20812545455360934,0.884727698139289,402,19,11511,38370
512,2,0.4,9,-0.20376301864338578,0.8473378384963401,406,21,13122,43740
512,2,0.4,10,-0.27199457170933555,0.8557425064964223,406,21,14087,46957
512,2,0.4,11,-0.24848218819228227,0.8574757810688926,406,21,13551,45170
512,2,0.4,12,-0.27261319634585135,0.855797590896534,406,21,13232,44107
512,2,0.4,13,-0.29095627189063106,0.8251854720310363,410,23,15291,50970
512,2,0.4,14,-0.22814037132483286,0.8523025871823894,406,21,12976,43253
512,2,0.4,15,-0.07398741606813107,0.8979813816197963,400,18,10449,34830
512,2,0.4,16,-0.28574310322534396,0.8397551236967706,408,22,13440,44800
512,2,0.4,17,-0.25893565309716815,0.8345005773011317,408,22,14206,47353
512,2,0.4,18,-0.3063343927638381,0.8418507218438619,408,22,14523,48410
512,2,0.4,19,0.04985567261494942,0.9274893988277951,426,17,8707,29023
512,2,0.4,20,-0.3828919899715414,0.7661755255016405,420,28,21302,71007
512,2,0.4,21,-0.1712381786531049,0.8964867773706457,400,18,10237,34123
512,2,0.4,22,-0.2898057092868711,0.8472214216137106,408,22,14765,49217
512,2,0.4,23,-0.2615981506405311,0.8470238752888636,408,22,15545,51817
512,2,0.4,24,-0.17949445606022774,0.8735543831144972,404,20,12388,41293
512,2,0.4,25,0.022349095325100647,0.914697300681982,428,18,9269,30897
512,2,0.4,26,-0.22185541028459635,0.8621425371409532,404,20,12070,40233
512,2,0.4,27,-0.2292025810372736,0.8808634866914291,402,19,11900,39667
512,2,0.4,28,-0.2294450376689805,0.8418851226279023,408,22,14058,46860
512,2,0.4,29,-0.35074471164628507,0.7942978373045761,416,26,18556,61853
512,2,0.45,0,-0.051122207637451025,0.8961634542014029,400,18,9843,32810
512,2,0.45,1,-0.3175550998271355,0.799474252289096,414,25,16853,56177
512,2,0.45,2,-0.3369558271503066,0.8166736911686955,412,24,17312,57707
512,2,0.45,3,-0.4450971661979352,0.6897188634664615,400,32,24908,83027
512,2,0.45,4,-0.2965841247916683,0.8239743136782925,410,23,15400,51333
512,2,0.45,5,-0.2370589894787816,0.8423725082316735,408,22,14222,47407
512,2,0.45,6,-0.32845868356324,0.8090300715640331,414,25,18194,60647
512,2,0.45,7,-0.4676906587523755,0.6931007288519208,400,32,25431,84770
512,2,0.45,8,-0.20812545455360934,0.884727698139289,402,19,11511,38370
512,2,0.45,9,-0.22682890939213643,0.8327669679062607,408,22,13940,46467
512,2,0.45,10,-0.35870504121734376,0.8064766366257162,414,25,18337,61123
512,2,0.45,11,-0.2765698777116412,0.8262835961686449,410,23,15053,50177
512,2,0.45,12,-0.4232897945042328,0.7466044918087561,424,30,23073,76910
512,2,0.45,13,-0.29095627189063106,0.8251854720310363,410,23,15291,50970
512,2,0.45,14,-0.2599424296988049,0.8397015220128297,408,22,14087,46957
512,2,0.45,15,-0.38536109282720615,0.7334176687984759,426,31,24869,82897
512,2,0.45,16,-0.42214349369307363,0.7557347094329713,422,29,20932,69773
512,2,0.45,17,-0.28643777221294514,0.8210544061730907,410,23,15249,50830
512,2,0.45,18,-0.3063343927638381,0.8418507218438619,408,22,14523,48410
512,2,0.45,19,0.07066139650005783,0.9281829016148614,426,17,8474,28247
512,2,0.45,20,-0.3828919899715414,0.7661755255016405,420,28,21302,71007
512,2,0.45,21,-0.35594053724312985,0.8142960189444342,412,24,17073,56910
512,2,0.45,22,-0.2898057092868711,0.8472214216137106,408,22,14765,49217
512,2,0.45,23,-0.3201286016398412,0.8243757350916393,410,23,16237,54123
512,2,0.45,24,-0.17949445606022774,0.8735543831144972,404,20,12388,41293
512,2,0.45,25,-0.3690196385468302,0.7852893754535336,418,27,19701,65670
512,2,0.45,26,-0.22185541028459635,0.8621425371409532,404,20,12070,40233
512,2,0.45,27,-0.2292025810372736,0.8808634866914291,402,19,11900,39667
512,2,0.45,28,-0.2294450376689805,0.8418851226279023,408,22,14058,46860
512,2,0.45,29,-0.35074471164628507,0.7942978373045761,416,26,18556,61853
512,2,0.5,0,-0.26166067999949444,0.8414764867988591,408,22,14870,49567
512,2,0.5,1,-0.4149558397150377,0.7193755294619835,428,32,24610,82033
512,2,0.5,2,-0.45906546644642304,0.7039552777495632,400,32,26817,89390
512,2,0.5,3,-0.44444520277290533,0.6918270412190454,400,32,24777,82590
512,2,0.5,4,-0.3070822475781389,0.8102166331370191,412,24,16084,53613
512,2,0.5,5,-0.28506745876624356,0.8318553415949477,410,23,15811,52703
512,2,0.5,6,-0.32845868356324,0.8090300715640331,414,25,18194,60647
512,2,0.5,7,-0.44697538216643207,0.6940792036435696,400,32,25253,84177
512,2,0.5,8,-0.31251908035922965,0.8225099133162199,410,23,15041,50137
512,2,0.5,9,-0.22903955327661693,0.8333154584201188,408,22,14054,46847
512,2,0.5,10,-0.35870504121734376,0.8064766366257162,414,25,18337,61123
512,2,0.5,11,-0.3880292810359948,0.7712009435891333,418,27,18406,61353
512,2,0.5,12,-0.4271049097673721,0.7471170832717557,424,30,23176,77253
512,2,0.5,13,-0.35349072826638306,0.759906541022568,420,28,19441,64803
512,2,0.5,14,-0.31561695305685894,0.8103768714435972,412,24,16457,54857
512,2,0.5,15,-0.38536109282720615,0.7334176687984759,426,31,24869,82897
512,2,0.5,16,-0.39981124954023795,0.7541069813552205,422,29,20968,69893
512,2,0.5,17,-0.3585008050983597,0.7883350234214338,416,26,20163,67210
512,2,0.5,18,-0.3063343927638381,0.8418507218438619,408,22,14523,48410
512,2,0.5,19,-0.33438787251974206,0.7925130503651884,416,26,18481,61603
512,2,0.5,20,-0.3828919899715414,0.7661755255016405,420,28,21302,71007
512,2,0.5,21,-0.38792336906100194,0.790138315751959,416,26,19227,64090
512,2,0.5,22,-0.3030921544315005,0.842359316698182,408,22,14381,47937
512,2,0.5,23,-0.3920012077785402,0.7541287520371908,422,29,22045,73483
512,2,0.5,24,-0.18029660318730512,0.8718901504722856,404,20,12408,41360
512,2,0.5,25,-0.3690196385468302,0.7852893754535336,418,27,19701,65670
512,2,0.5,26,-0.4541391595177581,0.6906452684177316,400,32,25529,85097
512,2,0.5,27,-0.31001375299239353,0.8580236985097168,406,21,14277,47590
512,2,0.5,28,-0.2294450376689805,0.8418851226279023,408,22,14058,46860
512,2,0.5,29,-0.35074471164628507,0.7942978373045761,416,26,18556,61853
512,2,0.55,0,-0.259689976036556,0.8370373056688057,408,22,14862,49540
512,2,0.55,1,-0.4149558397150377,0.7193755294619835,428,32,24610,82033
512,2,0.55,2,-0.46208997020393555,0.7025354430938131,400,32,27028,90093
512,2,0.55,3,-0.423591277660996,0.7316361728273552,426,31,23200,77333
512,2,0.55,4,-0.40801179121769116,0.7557945733475361,422,29,21565,71883
512,2,0.55,5,-0.455442765133709,0.6793509243353559,404,34,28481,94937
512,2,0.55,6,-0.32845868356324,0.8090300715640331,414,25,18194,60647
512,2,0.55,7,-0.4489531464658806,0.6942627629924482,400,32,25446,84820
512,2,0.55,8,-0.49931786960921987,0.5921637825022403,418,41,34125,113750
512,2,0.55,9,-0.3953133528883918,0.7599671188541509,422,29,22435,74783
512,2,0.55,10,-0.35870504121734376,0.8064766366257162,414,25,18337,61123
512,2,0.55,11,-0.43729687479935203,0.7304652708217285,426,31,22983,76610
512,2,0.55,12,-0.4167282930401862,0.7426147025783837,424,30,22462,74873
512,2,0.55,13,-0.3880817650639944,0.7566329719758983,422,29,21065,70217
512,2,0.55,14,-0.31561695305685894,0.8103768714435972,412,24,16457,54857
512,2,0.55,15,-0.38536109282720615,0.7334176687984759,426,31,24869,82897
512,2,0.55,16,-0.39981124954023795,0.7541069813552205,422,29,20968,69893
512,2,0.55,17,-0.28039305283438887,0.8653551027668568,404,20,12574,41913
512,2,0.55,18,-0.4122452980573068,0.7672433582256374,420,28,21503,71677
512,2,0.55,19,-0.3262692133550897,0.7890715855049035,416,26,18033,60110
512,2,0.55,20,-0.3828919899715414,0.7661755255016405,420,28,21302,71007
512,2,0.55,21,-0.38792336906100194,0.790138315751959,416,26,19227,64090
512,2,0.55,22,-0.2764303367844476,0.8423265942920604,408,22,14386,47953
512,2,0.55,23,-0.43082779260637033,0.6930223089318253,400,32,25633,85443
512,2,0.55,24,-0.22284942500026286,0.8584927972899221,406,21,13561,45203
512,2,0.55,25,-0.41303396080002025,0.7379950890472616,424,30,22014,73380
512,2,0.55,26,-0.3361648238233281,0.8008007886570877,414,25,16614,55380
512,2,0.55,27,-0.4060710406105364,0.766979414039224,420,28,21264,70880
512,2,0.55,28,-0.4422441459726032,0.7383338327669801,426,31,24939,83130
512,2,0.55,29,-0.4193271619252629,0.7572018005216901,422,29,22482,74940
512,2,0.6,0,-0.39641190387190167,0.7558928056986532,422,29,22255,74183
512,2,0.6,1,-0.48651990170807535,0.5982301985694309,418,41,34609,115363
512,2,0.6,2,-0.4544181979480762,0.6943704267442741,400,32,26425,88083
512,2,0.6,3,-0.4850524937659732,0.6641888773106899,406,35,28686,95620
512,2,0.6,4,-0.4815970412011335,0.6343794326698065,412,38,32598,108660
512,2,0.6,5,-0.41629001142918415,0.7269295231663545,428,32,24719,82397
512,2,0.6,6,-0.3566153531130695,0.7851556965912488,418,27,20275,67583
512,2,0.6,7,-0.47022227879364203,0.694482825092602,400,32,25544,85147
512,2,0.6,8,-0.5018415103274173,0.5959570977464568,418,41,34345,114483
512,2,0.6,9,-0.39139457675874245,0.7607611057767649,422,29,22163,73877
512,2,0.6,10,-0.4833597240673962,0.6990358362439838,400,32,26290,87633
512,2,0.6,11,-0.43729687479935203,0.7304652708217285,426,31,22983,76610
512,2,0.6,12,-0.4193156109020437,0.7444557326279415,424,30,22750,75833
512,2,0.6,13,-0.3880817650639944,0.7566329719758983,422,29,21065,70217
512,2,0.6,14,-0.3616473694904217,0.7963267601710239,416,26,18964,63213
512,2,0.6,15,-0.4370283660111445,0.5896922968601023,420,42,35367,117890
512,2,0.6,16,-0.4133292956098898,0.7474161936600472,422,29,20449,68163
512,2,0.6,17,-0.28039305283438887,0.8653551027668568,404,20,12574,41913
512,2,0.6,18,-0.47858550858288657,0.6333490110008009,412,38,31778,105927
512,2,0.6,19,-0.40149324914108075,0.743600821221805,424,30,23076,76920
512,2,0.6,20,-0.4147612473287568,0.7315599061877749,426,31,23394,77980
512,2,0.6,21,-0.38792336906100194,0.790138315751959,416,26,19227,64090
512,2,0.6,22,-0.2764303367844476,0.8423265942920604,408,22,14386,47953
512,2,0.6,23,-0.4309849847643267,0.6916156184425825,400,32,25713,85710
512,2,0.6,24,-0.22284942500026286,0.8584927972899221,406,21,13561,45203
512,2,0.6,25,-0.4141805219829269,0.7375134332280446,424,30,21969,73230
512,2,0.6,26,-0.45112032890683734,0.6776490195477277,402,33,25639,85463
512,2,0.6,27,-0.4074379646866217,0.7692544076720617,420,28,21350,71167
512,2,0.6,28,-0.39386082551552887,0.7793214199767092,418,27,19713,65710
512,2,0.6,29,-0.4633078452516898,0.6611463631908847,406,35,28333,94443
512,2,0.65,0,-0.42418372261888554,0.6906158639603522,400,32,25282,84273
512,2,0.65,1,-0.48651990170807535,0.5982301985694309,418,41,34609,115363
512,2,0.65,2,-0.455380966383563,0.6947594351425366,400,32,25850,86167
512,2,0.65,3,-0.5095726390685339,0.5598217618144109,428,46,39798,132660
512,2,0.65,4,-0.4815970412011335,0.6343794326698065,412,38,32598,108660
512,2,0.65,5,-0.5079560205547974,0.6059962411445854,418,41,36118,120393
512,2,0.65,6,-0.3202115766960682,0.8060968399711551,414,25,17873,59577
512,2,0.65,7,-0.5026632774758673,0.5708711553391194,424,44,38006,126687
512,2,0.65,8,-0.5133958859185092,0.5172996519944894,400,46,39690,132300
512,2,0.65,9,-0.4815442028525874,0.5573695154971495,428,46,41017,136723
512,2,0.65,10,-0.43064318106384253,0.7251562686151518,428,32,24260,80867
512,2,0.65,11,-0.45543090185071444,0.6402238846270681,410,37,30190,100633
512,2,0.65,12,-0.4450733229799714,0.6920888848745673,400,32,25119,83730
512,2,0.65,13,-0.38707332491448826,0.7412192304463795,424,30,21344,71147
512,2,0.65,14,-0.3616473694904217,0.7963267601710239,416,26,18964,63213
512,2,0.65,15,-0.44034732284262496,0.5953316874933511,420,42,36262,120873
512,2,0.65,16,-0.4645788466109979,0.6897973296103649,400,32,24959,83197
512,2,0.65,17,-0.48362887714758057,0.6428671509281322,408,36,29423,98077
512,2,0.65,18,-0.46116325028320676,0.6345104889115145,412,38,30985,103283
512,2,0.65,19,-0.40149324914108075,0.743600821221805,424,30,23076,76920
512,2,0.65,20,-0.4147612473287568,0.7315599061877749,426,31,23394,77980
512,2,0.65,21,-0.4255778183969047,0.7469587233708221,424,30,23463,78210
512,2,0.65,22,-0.48582956419799816,0.6482802542635397,410,37,31858,106193
512,2,0.65,23,-0.42826288202691026,0.6890825524898218,402,33,28305,94350
512,2,0.65,24,-0.22284942500026286,0.8584927972899221,406,21,13561,45203
512,2,0.65,25,-0.49695159916205683,0.5161231093217431,400,46,39666,132220
512,2,0.65,26,-0.46303433316425563,0.656508348473816,406,35,27716,92387
512,2,0.65,27,-0.44677177383683,0.6637856009819969,406,35,29167,97223
512,2,0.65,28,-0.45752824942428066,0.6812519683988297,402,33,27083,90277
512,2,0.65,29,-0.38937509902663947,0.796399581828053,416,26,19016,63387
512,2,0.7,0,-0.458525051533884,0.6422629261026502,410,37,30836,102787
512,2,0.7,1,-0.48577526668297505,0.6162688574305969,414,39,32459,108197
512,2,0.7,2,-0.4903344264459671,0.5469341082030136,428,46,39243,130810
512,2,0.7,3,-0.5095726390685339,0.5598217618144109,428,46,39798,132660
512,2,0.7,4,-0.49174823297789894,0.567163823484656,426,45,38688,128960
512,2,0.7,5,-0.5047884337076524,0.6122358176824849,416,40,35267,117557
512,2,0.7,6,-0.4144972531447839,0.7340565876748374,426,31,24098,80327
512,2,0.7,7,-0.5143511608522877,0.5081045473087829,402,47,41967,139890
512,2,0.7,8,-0.5012145502930432,0.6127907002491418,416,40,34408,114693
512,2,0.7,9,-0.4779326352856313,0.5498991907920239,428,46,39220,130733
512,2,0.7,10,-0.46808554998840246,0.6511925389190735,408,36,28836,96120
512,2,0.7,11,-0.45543090185071444,0.6402238846270681,410,37,30190,100633
512,2,0.7,12,-0.4450733229799714,0.6920888848745673,400,32,25119,83730
512,2,0.7,13,-0.38707332491448826,0.7412192304463795,424,30,21344,71147
512,2,0.7,14,-0.4441992670356865,0.7043860830521886,400,32,26537,88457
512,2,0.7,15,-0.4388842325080279,0.593827114653504,420,42,36214,120713
512,2,0.7,16,-0.5048445620890182,0.562868957881845,426,45,38992,129973
512,2,0.7,17,-0.5136234752989802,0.4869025810827832,408,50,43534,145113
512,2,0.7,18,-0.4641696084316715,0.6150249203852822,416,40,32762,109207
512,2,0.7,19,-0.5207132345427349,0.49825987555925916,406,49,44014,146713
512,2,0.7,20,-0.4114175855345745,0.7419310936036495,424,30,22397,74657
512,2,0.7,21,-0.5062214683813939,0.5272942567762854,400,46,41757,139190
512,2,0.7,22,-0.4907051988292121,0.6150185226334816,416,40,34422,114740
512,2,0.7,23,-0.48613214631620166,0.5814755466606407,424,44,39160,130533
512,2,0.7,24,-0.4503775666818491,0.6429193107167238,412,38,32639,108797
512,2,0.7,25,-0.4843848340710128,0.6036241520192707,418,41,35482,118273
512,2,0.7,26,-0.4841664244291204,0.6014981210676692,418,41,34664,115547
512,2,0.7,27,-0.4783986210567915,0.5756676534515794,424,44,38489,128297
512,2,0.7,28,-0.4657548981948483,0.6503545784496928,408,36,29679,98930
512,2,0.7,29,-0.431173016948648,0.7364163926030994,426,31,23783,79277
512,2,0.75,0,-0.47969998965041927,0.5867928574555116,422,43,37068,123560
512,2,0.75,1,-0.5107253047378115,0.5060505607668204,404,48,43128,143760
512,2,0.75,2,-0.5103278765548054,0.44201882094877165,420,56,50969,169897
512,2,0.75,3,-0.5240353613430342,0.3569956706413247,408,64,60851,202837
512,2,0.75,4,-0.4982151961748912,0.5578449633700804,428,46,40030,133433
512,2,0.75,5,-0.5221527937293079,0.5304542371660281,400,46,43168,143893
512,2,0.75,6,-0.4903882191560036,0.5260405245677141,400,46,41192,137307
512,2,0.75,7,-0.5149665812487274,0.5082572267837676,402,47,41472,138240
512,2,0.75,8,-0.5157694458224277,0.5169947739021064,400,46,40698,135660
512,2,0.75,9,-0.4893835909200036,0.47101693419017854,412,52,45843,152810
512,2,0.75,10,-0.5022558392844155,0.5269733236103729,400,46,40913,136377
512,2,0.75,11,-0.4806061070814017,0.5763324187589013,424,44,37918,126393
512,2,0.75,12,-0.5072538584633236,0.5296154414640297,400,46,41460,138200
512,2,0.75,13,-0.5112392471621064,0.4282780780221278,428,60,56484,188280
512,2,0.75,14,-0.4229087307825995,0.6951228698707914,400,32,25251,84170
512,2,0.75,15,-0.4388842325080279,0.593827114653504,420,42,36214,120713
512,2,0.75,16,-0.5190349477587524,0.4476035358576426,418,55,50598,168660
512,2,0.75,17,-0.5152574982606942,0.4459157428348924,418,55,48172,160573
512,2,0.75,18,-0.5227271427615147,0.38187639522211636,400,60,55087,183623
512,2,0.75,19,-0.520713005001496,0.49273665481893997,408,50,44705,149017
512,2,0.75,20,-0.4810197126726558,0.6238169496116006,414,39,33888,112960
512,2,0.75,21,-0.5051435974774099,0.5059831360367648,404,48,42914,143047
512,2,0.75,22,-0.5070101569575267,0.5296702277827351,400,46,41330,137767
512,2,0.75,23,-0.48570763548699636,0.5789805260984277,424,44,39114,130380
512,2,0.75,24,-0.4757069351036613,0.635581995667856,412,38,31989,106630
512,2,0.75,25,-0.4989784232669334,0.5186148807145241,400,46,40146,133820
512,2,0.75,26,-0.5049004553931992,0.5220809828636854,400,46,39713,132377
512,2,0.75,27,-0.5259657489430697,0.3826133081997516,400,60,56946,189820
512,2,0.75,28,-0.502826596177811,0.5205032544168915,402,47,42279,140930
512,2,0.75,29,-0.4300095071426785,0.7337048550630338,426,31,23859,79530
512,2,0.8,0,-0.47969998965041927,0.5867928574555116,422,43,37068,123560
512,2,0.8,1,-0.5161324465644199,0.38255259587594637,402,61,58562,195207
512,2,0.8,2,-0.5123206165649327,0.3509366529227505,410,65,61519,205063
512,2,0.8,3,-0.5221480554798851,0.36261183240378575,404,62,57838,192793
512,2,0.8,4,-0.5129308582274374,0.35433894366156915,412,66,62889,209630
512,2,0.8,5,-0.5261625106434382,0.4457117579984451,422,57,54663,182210
512,2,0.8,6,-0.4986188839595657,0.5547958930910931,428,46,39503,131677
512,2,0.8,7,-0.5112473141651007,0.24095118968195176,410,79,77015,256717
512,2,0.8,8,-0.5154703344363515,0.2664063047500887,400,74,71223,237410
512,2,0.8,9,-0.4893835909200036,0.47101693419017854,412,52,45843,152810
512,2,0.8,10,-0.5072713326665674,0.34850262027282924,408,64,58556,195187
512,2,0.8,11,-0.4993589418668109,0.46663367071995726,416,54,49124,163747
512,2,0.8,12,-0.5072538584633236,0.5296154414640297,400,46,41460,138200
512,2,0.8,13,-0.5112392471621064,0.4282780780221278,428,60,56484,188280
512,2,0.8,14,-0.5118923483561291,0.5190348343268172,400,46,41115,137050
512,2,0.8,15,-0.4850781329741708,0.5271650235120926,400,46,42092,140307
512,2,0.8,16,-0.5126758919778461,0.3608697801231454,408,64,61405,204683
512,2,0.8,17,-0.5163517808950775,0.43670232349037746,420,56,49702,165673
512,2,0.8,18,-0.5225409160480847,0.46940492911097853,416,54,49423,164743
512,2,0.8,19,-0.5227938974582798,0.37795229195064545,400,60,55391,184637
512,2,0.8,20,-0.5088590777538359,0.41873648336556946,428,60,55682,185607
512,2,0.8,21,-0.5217633993692753,0.3128335209077204,426,73,68563,228543
512,2,0.8,22,-0.5112770763411064,0.49289074317019177,410,51,46991,156637
512,2,0.8,23,-0.5037236147071519,0.4418754099834134,424,58,54219,180730
512,2,0.8,24,-0.5220765217986191,0.38492040296265434,400,60,56838,189460
512,2,0.8,25,-0.4989784232669334,0.5186148807145241,400,46,40146,133820
512,2,0.8,26,-0.5159275628905092,0.5204423039250812,400,46,39620,132067
512,2,0.8,27,-0.5249445089512785,0.39077872298158,400,60,56155,187183
512,2,0.8,28,-0.5076844107678772,0.48060194482556023,412,52,47357,157857
512,2,0.8,29,-0.49927150332700965,0.49494166005744966,406,49,43312,144373
512,2,0.85,0,-0.5098958749727249,0.4711892064442086,414,53,49046,163487
512,2,0.85,1,-0.5249979880806087,0.37435319392668714,404,62,59667,198890
512,2,0.85,2,-0.5012181144983477,0.23884814876814942,412,80,77749,259163
512,2,0.85,3,-0.517009821788259,0.2648023629708262,400,74,71096,236987
512,2,0.85,4,-0.5160261630168631,0.2504941183070925,404,76,73336,244453
512,2,0.85,5,-0.4976507457877988,0.18272441647850804,400,88,87895,292983
512,2,0.85,6,-0.513638076812396,0.38605469067461085,400,60,56370,187900
512,2,0.85,7,-0.5114370920037558,0.23257322853265538,412,80,77655,258850
512,2,0.85,8,-0.5211198007102523,0.3328138491998116,416,68,64474,214913
512,2,0.85,9,-0.4893835909200036,0.47101693419017854,412,52,45843,152810
512,2,0.85,10,-0.5051540554799696,0.26599113829090304,400,74,69880,232933
512,2,0.85,11,-0.5036094736233909,0.4277993207873768,428,60,56288,187627
512,2,0.85,12,-0.5131879333826156,0.23221502611824293,418,83,81929,273097
512,2,0.85,13,-0.5119921903270815,0.25293999656536126,408,78,76514,255047
512,2,0.85,14,-0.5213960803889449,0.5281258305762746,400,46,42903,143010
512,2,0.85,15,-0.4742061866587605,0.5623940721160968,426,45,38840,129467
512,2,0.85,16,-0.5103597933845045,0.33503470530509655,416,68,65165,217217
512,2,0.85,17,-0.521807661349409,0.3738870842795151,402,61,56878,189593
512,2,0.85,18,-0.5073004811431715,0.21749639215569075,422,85,81635,272117
512,2,0.85,19,-0.5165161308892666,0.270570409942131,400,74,72082,240273
512,2,0.85,20,-0.5142022879184714,0.38204872217187325,400,60,57770,192567
512,2,0.85,21,-0.5216717392172616,0.30537725497879753,426,73,68999,229997
512,2,0.85,22,-0.5084146240561592,0.27488001413097835,400,74,71124,237080
512,2,0.85,23,-0.5039690772278843,0.44128079465841796,424,58,54022,180073
512,2,0.85,24,-0.5170672633861803,0.25323127477370294,408,78,77292,257640
512,2,0.85,25,-0.5156305016657742,0.26467743861245163,400,74,71936,239787
512,2,0.85,26,-0.5236237286637475,0.48936438909606916,408,50,44321,147737
512,2,0.85,27,-0.5106399075542005,0.226853141483399,422,85,81909,273030
512,2,0.85,28,-0.5119856456944842,0.3797829720085978,404,62,58881,196270
512,2,0.85,29,-0.515157470766666,0.26418973322919426,400,74,72807,242690
512,2,0.9,0,-0.5080855606614977,0.21697664488889581,426,87,86340,287800
512,2,0.9,1,-0.5255528068592757,0.37229709265606886,404,62,59861,199537
512,2,0.9,2,-0.48827026549534186,0.17127828040333953,402,89,87724,292413
512,2,0.9,3,-0.5164558100428651,0.2628709507401523,400,74,70996,236653
512,2,0.9,4,-0.49634287597077914,0.1562536638785936,422,99,101263,337543
512,2,0.9,5,-0.4913397094596403,0.14846465103438986,422,99,101080,336933
512,2,0.9,6,-0.4723856541256598,0.11828916726723877,400,102,101436,338120
512,2,0.9,7,-0.5003208393226581,0.17116189494845208,402,89,89241,297470
512,2,0.9,8,-0.4523698055144169,0.07140231117187032,400,116,117815,392717
512,2,0.9,9,-0.49683023109283764,0.4165974753169587,428,60,54020,180067
512,2,0.9,10,-0.500124516029694,0.21957702879939683,422,85,81297,270990
512,2,0.9,11,-0.5063757432511157,0.27046687476308473,400,74,71098,236993
512,2,0.9,12,-0.4961686314833596,0.14708488791620813,418,97,97343,324477
512,2,0.9,13,-0.4795573771393503,0.11154678119517529,400,102,100334,334447
512,2,0.9,14,-0.5196540212948064,0.27421186458533064,400,74,73753,245843
512,2,0.9,15,-0.49892189090437195,0.33732094523099443,418,69,65601,218670
512,2,0.9,16,-0.5038445403273286,0.2589678672785147,404,76,72267,240890
512,2,0.9,17,-0.4778954234520916,0.11144841606166192,400,102,103787,345957
512,2,0.9,18,-0.49788755881822994,0.16722862655633064,408,92,91159,303863
512,2,0.9,19,-0.4782950774103741,0.10925983521908209,400,102,101817,339390
512,2,0.9,20,-0.5071744138667728,0.27232691383625585,400,74,73441,244803
512,2,0.9,21,-0.51694237322838,0.25972377542632485,400,74,71803,239343
512,2,0.9,22,-0.49088554056389294,0.1690426301566184,412,94,94502,315007
512,2,0.9,23,-0.5029264938855805,0.38783385190306957,400,60,55776,185920
512,2,0.9,24,-0.49890922312343144,0.1774003226808653,400,88,86301,287670
512,2,0.9,25,-0.47982334915071717,0.11356178275384855,400,102,103023,343410
512,2,0.9,26,-0.5218096616954438,0.33566389218016196,414,67,61663,205543
512,2,0.9,27,-0.4929161592285237,0.14359394217384314,426,101,99419,331397
512,2,0.9,28,-0.49220986424734825,0.14481950055475418,424,100,98732,329107
512,2,0.9,29,-0.5143331133051151,0.26519942833896654,402,75,74219,247397
512,2,0.95,0,-0.41368396247020617,0.024975378717759112,400,130,134738,449127
512,2,0.95,1,-0.44825299250644546,0.06695825298534094,406,119,122325,407750
512,2,0.95,2,-0.4028325217659428,0.036187653141388165,410,135,139288,464293
512,2,0.95,3,-0.4494893693214618,0.045499910163399646,400,116,115903,386343
512,2,0.95,4,-0.3752694069330717,0.022951139039726103,400,144,150926,503087
512,2,0.95,5,-0.3695324250251053,0.018680071899337375,400,144,152002,506673
512,2,0.95,6,-0.46954288870066263,0.0852945682652527,428,116,118457,394857
512,2,0.95,7,-0.41570840612899207,0.02776704850796684,400,130,132868,442893
512,2,0.95,8,-0.45302101058866673,0.058763754481766066,402,117,116655,388850
512,2,0.95,9,-0.48959830681701294,0.1362092141918364,426,101,98859,329530
512,2,0.95,10,-0.4509366035356932,0.06943011360160482,400,116,116610,388700
512,2,0.95,11,-0.440954514980678,0.06589613860341992,400,116,117836,392787
512,2,0.95,12,-0.41183788388414516,0.02909531470460973,414,137,140596,468653
512,2,0.95,13,-0.3130913858067056,0.009926143149920465,400,158,164359,547863
512,2,0.95,14,-0.41526995059315414,0.029504486957948352,400,130,133024,443413
512,2,0.95,15,-0.4861813290090442,0.19470003133644706,400,88,87645,292150
512,2,0.95,16,-0.4723885254055144,0.11356171990872697,400,102,101171,337237
512,2,0.95,17,-0.414636362144818,0.024879525606252978,400,130,131177,437257
512,2,0.95,18,-0.47892999850467594,0.1060481137642734,400,102,100519,335063
512,2,0.95,19,-0.4527908443017008,0.06311385655013134,400,116,115742,385807
512,2,0.95,20,-0.46868037028785153,0.11185354471424674,400,102,105256,350853
512,2,0.95,21,-0.5013595625403485,0.17125156587334275,400,88,86981,289937
512,2,0.95,22,-0.4680973222653794,0.11839396591345007,410,107,110051,366837
512,2,0.95,23,-0.48104215286069363,0.1088318577898987,400,102,100894,336313
512,2,0.95,24,-0.44724696080357734,0.06026020636001767,414,123,125956,419853
512,2,0.95,25,-0.4164607597318755,0.018653859819820134,400,130,134293,447643
512,2,0.95,26,-0.5143937574663762,0.2502764845555152,404,76,71202,237340
512,2,0.95,27,-0.44883837088397427,0.05353266449111619,404,118,119385,397950
512,2,0.95,28,-0.4172982887062287,0.03903908464756656,400,130,131959,439863
512,2,0.95,29,-0.41664131398264753,0.0385596071992376,400,130,134409,448030
512,2,1.0,0,0.11660116596827393,0.06295392989512358,400,200,211296,704320
512,2,1.0,1,0.12277131902178436,0.06968146358636677,400,200,211976,706587
512,2,1.0,2,0.12782605988027645,0.057683852082222306,400,200,209852,699507
512,2,1.0,3,0.1228345001091957,0.05630009404171933,400,200,209268,697560
512,2,1.0,4,0.1251729233406796,0.06636682628087096,400,200,210594,701980
512,2,1.0,5,0.11630900047329105,0.04869763952808055,400,200,213318,711060
512,2,1.0,6,0.12256274641171855,0.062008657518537846,400,200,210303,701010
512,2,1.0,7,0.12810478405390843,0.05031654768206825,400,200,206819,689397
512,2,1.0,8,0.11816850321120603,0.051689695792554995,400,200,208258,694193
512,2,1.0,9,0.12535492865636125,0.06749265297429402,400,200,208649,695497
512,2,1.0,10,0.1263805585038005,0.05462741411440918,400,200,207261,690870
512,2,1.0,11,0.11622532074157794,0.07350791111643785,400,200,209926,699753
512,2,1.0,12,0.1237535436242029,0.06463823947963247,400,200,211809,706030
512,2,1.0,13,0.11271486191119581,0.06097527819847094,400,200,213087,710290
512,2,1.0,14,0.11711680070155625,0.059939848509076424,400,200,213036,710120
512,2,1.0,15,0.12405177335874697,0.05925232412100002,400,200,208184,693947
512,2,1.0,16,0.12708599660185635,0.06486513040816431,400,200,209314,697713
512,2,1.0,17,0.11970206888843417,0.04310318642029186,400,200,208552,695173
512,2,1.0,18,0.12629179761340278,0.05472776859328873,400,200,208229,694097
512,2,1.0,19,0.11782516736710498,0.06293849083653179,400,200,209233,697443
512,2,1.0,20,0.11513714497895937,0.04791151906082524,400,200,212892,709640
512,2,1.0,21,0.12402571247920005,0.05499752146036682,400,200,212658,708860
512,2,1.0,22,0.12446374928427795,0.05714669021449744,400,200,208905,696350
512,2,1.0,23,0.12589850785660828,0.06691639093366873,400,200,208816,696053
512,2,1.0,24,0.13921118854309417,0.07380472778230528,400,200,210065,700217
512,2,1.0,25,0.12630499757372765,0.056157292469462786,400,200,208321,694403
512,2,1.0,26,0.12419415920804029,0.06352626173498618,400,200,209890,699633
512,2,1.0,27,0.12017031025108908,0.06733556335368611,400,200,210648,702160
512,2,1.0,28,0.12326059743967108,0.044212167252384596,400,200,212171,707237
512,2,1.0,29,0.12788655225120196,0.07222566470198113,400,200,211378,704593
512,1,0.0,0,0.5750512581643069,0.9718299428027015,420,14,5456,18187
512,1,0.0,1,0.585376002653767,0.9685818397388324,420,14,5398,17993
512,1,0.0,2,0.5789521202064193,0.9689765277781252,420,14,5352,17840
512,1,0.0,3,0.5815878114099495,0.9684450477900782,420,14,5373,17910
512,1,0.0,4,0.5834550589485415,0.969969831603386,420,14,5418,18060
512,1,0.0,5,0.5734528579932686,0.9710785587898713,420,14,5351,17837
512,1,0.0,6,0.579470320036942,0.9666078103785098,420,14,5384,17947
512,1,0.0,7,0.5843599667220295,0.9682482587746815,420,14,5390,17967
512,1,0.0,8,0.5801483031092554,0.9686738632870349,420,14,5450,18167
512,1,0.0,9,0.5840759430347172,0.9731185806583277,420,14,5423,18077
512,1,0.0,10,0.5773277053168155,0.9677514251847831,420,14,5381,17937
512,1,0.0,11,0.5846254928607885,0.9681268126360303,420,14,5384,17947
512,1,0.0,12,0.5737098797647353,0.9686136026124776,420,14,5396,17987
512,1,0.0,13,0.5787817403335351,0.9740490970369028,420,14,5382,17940
512,1,0.0,14,0.582361165032076,0.9694556363199724,420,14,5386,17953
512,1,0.0,15,0.5855949855129625,0.9642490045794311,420,14,5373,17910
512,1,0.0,16,0.5793539484837094,0.9698097261069356,420,14,5388,17960
512,1,0.0,17,0.5755693367851736,0.9641543398279757,420,14,5363,17877
512,1,0.0,18,0.5775954840938211,0.9728892480580905,420,14,5322,17740
512,1,0.0,19,0.5750081025926822,0.9705740949795763,420,14,5322,17740
512,1,0.0,20,0.5822278039962568,0.9697904174327443,420,14,5401,18003
512,1,0.0,21,0.5796701906479936,0.9683685039737371,420,14,5392,17973
512,1,0.0,22,0.5775386795905434,0.9756617281031138,420,14,5350,17833
512,1,0.0,23,0.5797776978845695,0.9710478928614112,420,14,5371,17903
512,1,0.0,24,0.5772826300951502,0.9671594060365216,420,14,5417,18057
512,1,0.0,25,0.5772800804712577,0.9724891719331166,420,14,5381,17937
512,1,0.0,26,0.5800916306240563,0.969856171527413,420,14,5315,17717
512,1,0.0,27,0.5834921536731253,0.9728803713453089,420,14,5376,17920
512,1,0.0,28,0.6039694149142503,0.9695450308507018,420,14,5338,17793
512,1,0.0,29,0.6025948104834681,0.9744562393123981,420,14,5372,17907
512,1,0.05,0,0.2426757612191769,0.9423828751161006,422,16,7318,24393
512,1,0.05,1,0.05350334598177864,0.9266279673669418,423,17,8515,28383
512,1,0.05,2,0.5789521202064193,0.9689765277781252,420,14,5352,17840
512,1,0.05,3,0.37428947193674483,0.9513712576128545,421,15,6388,21293
512,1,0.05,4,0.35823360875805377,0.9551591109395652,421,15,6519,21730
512,1,0.05,5,0.09160386871330321,0.9311485180168936,423,17,8409,28030
512,1,0.05,6,0.579470320036942,0.9666078103785098,420,14,5384,17947
512,1,0.05,7,0.5843599667220295,0.9682482587746815,420,14,5390,17967
512,1,0.05,8,0.5801483031092554,0.9686738632870349,420,14,5450,18167
512,1,0.05,9,0.5840759430347172,0.9731185806583277,420,14,5423,18077
512,1,0.05,10,0.5773277053168155,0.9677514251847831,420,14,5381,17937
512,1,0.05,11,0.26432498428115475,0.9428233570730851,422,16,7169,23897
512,1,0.05,12,0.5737098797647353,0.9686136026124776,420,14,5396,17987
512,1,0.05,13,0.5787817403335351,0.9740490970369028,420,14,5382,17940
512,1,0.05,14,0.582361165032076,0.9694556363199724,420,14,5386,17953
512,1,0.05,15,0.17844404312372256,0.9374422959496567,422,16,7624,25413
512,1,0.05,16,0.3665249284101264,0.95550750267665,421,15,6392,21307
512,1,0.05,17,0.32007175586350867,0.9506744156635122,421,15,6640,22133
512,1,0.05,18,0.5775954840938211,0.9728892480580905,420,14,5322,17740
512,1,0.05,19,0.5750081025926822,0.9705740949795763,420,14,5322,17740
512,1,0.05,20,0.5822278039962568,0.9697904174327443,420,14,5401,18003
512,1,0.05,21,0.5796701906479936,0.9683685039737371,420,14,5392,17973
512,1,0.05,22,0.5775386795905434,0.9756617281031138,420,14,5350,17833
512,1,0.05,23,0.5797776978845695,0.9710478928614112,420,14,5371,17903
512,1,0.05,24,0.5772826300951502,0.9671594060365216,420,14,5417,18057
512,1,0.05,25,0.37254947759087087,0.9566268961671814,421,15,6379,21263
512,1,0.05,26,0.39425582703546963,0.9580322638827913,421,15,6292,20973
512,1,0.05,27,0.5834921536731253,0.9728803713453089,420,14,5376,17920
512,1,0.05,28,0.3598460860995431,0.954483001579098,421,15,6380,21267
512,1,0.05,29,-0.04673997115974847,0.9208959687809563,424,18,9369,31230
512,1,0.1,0,0.2347838356735146,0.9442664288147035,422,16,7356,24520
512,1,0.1,1,-0.007001368937335855,0.9240803182830782,423,17,9027,30090
512,1,0.1,2,0.5789521202064193,0.9689765277781252,420,14,5352,17840
512,1,0.1,3,-0.01444555056337881,0.9305581374934057,423,17,9052,30173
512,1,0.1,4,0.35823360875805377,0.9551591109395652,421,15,6519,21730
512,1,0.1,5,0.02885385935058787,0.9291331888078961,423,17,8736,29120
512,1,0.1,6,0.579470320036942,0.9666078103785098,420,14,5384,17947
512,1,0.1,7,0.02167963002489012,0.9288690284785817,423,17,8751,29170
512,1,0.1,8,0.21966491188080417,0.941185114412472,422,16,7461,24870
512,1,0.1,9,0.06102713826088331,0.931805721271409,423,17,8659,28863
512,1,0.1,10,0.5773277053168155,0.9677514251847831,420,14,5381,17937
512,1,0.1,11,0.4191110110785407,0.9535044718087791,421,15,6240,20800
512,1,0.1,12,0.22361740038288533,0.9411487638753662,422,16,7344,24480
512,1,0.1,13,0.23385881150128798,0.9451960474360362,422,16,7320,24400
512,1,0.1,14,0.2900759581226708,0.9394075581023272,422,16,6950,23167
512,1,0.1,15,0.24112219000387278,0.9387449805424659,422,16,7271,24237
512,1,0.1,16,-0.06706442409378263,0.9190585456400564,424,18,9723,32410
512,1,0.1,17,0.32007175586350867,0.9506744156635122,421,15,6640,22133
512,1,0.1,18,0.5775954840938211,0.9728892480580905,420,14,5322,17740
512,1,0.1,19,0.09317184340156962,0.9287952124798445,423,17,8287,27623
512,1,0.1,20,0.5822278039962568,0.9697904174327443,420,14,5401,18003
512,1,0.1,21,0.5796701906479936,0.9683685039737371,420,14,5392,17973
512,1,0.1,22,0.1810957553737563,0.9429098871911314,422,16,7506,25020
512,1,0.1,23,0.5797776978845695,0.9710478928614112,420,14,5371,17903
512,1,0.1,24,0.37663624287868713,0.9587550831142785,421,15,6396,21320
512,1,0.1,25,0.37254947759087087,0.9566268961671814,421,15,6379,21263
512,1,0.1,26,0.39425582703546963,0.9580322638827913,421,15,6292,20973
512,1,0.1,27,0.5834921536731253,0.9728803713453089,420,14,5376,17920
512,1,0.1,28,0.3598460860995431,0.954483001579098,421,15,6380,21267
512,1,0.1,29,-0.1890691276038952,0.8905210775013639,426,20,11232,37440
512,1,0.15,0,0.2347838356735146,0.9442664288147035,422,16,7356,24520
512,1,0.15,1,-0.008125734224630504,0.909251838756645,424,18,9163,30543
512,1,0.15,2,0.3651262434545505,0.9537552756202728,421,15,6359,21197
512,1,0.15,3,-0.01444555056337881,0.9305581374934057,423,17,9052,30173
512,1,0.15,4,0.35823360875805377,0.9551591109395652,421,15,6519,21730
512,1,0.15,5,-0.14389066653329358,0.9045052395736124,425,19,10805,36017
512,1,0.15,6,0.579470320036942,0.9666078103785098,420,14,5384,17947
512,1,0.15,7,0.02167963002489012,0.9288690284785817,423,17,8751,29170
512,1,0.15,8,0.21966491188080417,0.941185114412472,422,16,7461,24870
512,1,0.15,9,-0.04033213387630053,0.9097194857838299,424,18,9089,30297
512,1,0.15,10,0.21713741861792002,0.9413719487224816,422,16,7362,24540
512,1,0.15,11,0.4191110110785407,0.9535044718087791,421,15,6240,20800
512,1,0.15,12,-0.031467688575254074,0.9136103661692524,424,18,9400,31333
512,1,0.15,13,0.06830237606433866,0.9279095415617626,423,17,8390,27967
512,1,0.15,14,-0.17844040875797376,0.8904516810962653,426,20,11339,37797
512,1,0.15,15,0.10283529515589045,0.9227949705825015,423,17,8282,27607
512,1,0.15,16,-0.06706442409378263,0.9190585456400564,424,18,9723,32410
512,1,0.15,17,0.009935814257710483,0.911518278991257,424,18,9308,31027
512,1,0.15,18,0.5775954840938211,0.9728892480580905,420,14,5322,17740
512,1,0.15,19,0.09317184340156962,0.9287952124798445,423,17,8287,27623
512,1,0.15,20,-0.19177411783901813,0.9024178237216155,425,19,11026,36753
512,1,0.15,21,0.5796701906479936,0.9683685039737371,420,14,5392,17973
512,1,0.15,22,0.1810957553737563,0.9429098871911314,422,16,7506,25020
512,1,0.15,23,0.06830387500839116,0.9278454308167137,423,17,8554,28513
512,1,0.15,24,0.37663624287868713,0.9587550831142785,421,15,6396,21320
512,1,0.15,25,-0.13124373935165526,0.9017513755459913,425,19,10502,35007
512,1,0.15,26,0.39425582703546963,0.9580322638827913,421,15,6292,20973
512,1,0.15,27,0.5834921536731253,0.9728803713453089,420,14,5376,17920
512,1,0.15,28,-0.01696347177073546,0.9152961777639856,424,18,9124,30413
512,1,0.15,29,-0.1890691276038952,0.8905210775013639,426,20,11232,37440
512,1,0.2,0,0.2824675861496995,0.9455870755725739,422,16,7111,23703
512,1,0.2,1,-0.052298740012383826,0.9107505867806566,424,18,9246,30820
512,1,0.2,2,0.3651262434545505,0.9537552756202728,421,15,6359,21197
512,1,0.2,3,-0.01444555056337881,0.9305581374934057,423,17,9052,30173
512,1,0.2,4,-0.02996699590653945,0.9118730907959101,424,18,9347,31157
512,1,0.2,5,0.4039216039053256,0.9534658797556846,421,15,6241,20803
512,1,0.2,6,0.579470320036942,0.9666078103785098,420,14,5384,17947
512,1,0.2,7,0.02167963002489012,0.9288690284785817,423,17,8751,29170
512,1,0.2,8,0.2081879709680045,0.9433416538181859,422,16,7344,24480
512,1,0.2,9,-0.04033213387630053,0.9097194857838299,424,18,9089,30297
512,1,0.2,10,-0.21762500234984217,0.8732753843539341,427,21,11994,39980
512,1,0.2,11,0.4191110110785407,0.9535044718087791,421,15,6240,20800
512,1,0.2,12,-0.031467688575254074,0.9136103661692524,424,18,9400,31333
512,1,0.2,13,0.06830237606433866,0.9279095415617626,423,17,8390,27967
512,1,0.2,14,-0.2266213163418882,0.8781784788450077,427,21,12216,40720
512,1,0.2,15,0.040431888311117374,0.9218116601843236,423,17,8771,29237
512,1,0.2,16,-0.06706442409378263,0.9190585456400564,424,18,9723,32410
512,1,0.2,17,-0.033905826158923576,0.9096015090376659,424,18,9676,32253
512,1,0.2,18,0.22281632398674325,0.9434655521349159,422,16,7186,23953
512,1,0.2,19,0.09317184340156962,0.9287952124798445,423,17,8287,27623
512,1,0.2,20,-0.26233275024980773,0.8887123094010725,426,20,12031,40103
512,1,0.2,21,-0.04169540100061311,0.9163745255245196,424,18,9541,31803
512,1,0.2,22,-0.2736607647797983,0.8856417254842013,426,20,12042,40140
512,1,0.2,23,0.09744241114059102,0.9299675778401292,423,17,8326,27753
512,1,0.2,24,0.014487541891029816,0.9137952212981189,424,18,9124,30413
512,1,0.2,25,-0.19465520869979597,0.8861460336531828,426,20,11410,38033
512,1,0.2,26,0.02084864531570993,0.9174819126466611,424,18,9192,30640
512,1,0.2,27,0.37427235016383875,0.9603022542425786,421,15,6386,21287
512,1,0.2,28,-0.01696347177073546,0.9152961777639856,424,18,9124,30413
512,1,0.2,29,-0.1890691276038952,0.8905210775013639,426,20,11232,37440
512,1,0.25,0,-0.297047032327849,0.8652893009574605,428,22,14037,46790
512,1,0.25,1,-0.38526683604760836,0.8474564150740374,429,23,14598,48660
512,1,0.25,2,0.3651262434545505,0.9537552756202728,421,15,6359,21197
512,1,0.25,3,-0.31940569393878027,0.8627310887978672,428,22,13504,45013
512,1,0.25,4,-0.22968269441133485,0.8743865697531129,427,21,12270,40900
512,1,0.25,5,0.24603306952295156,0.9410052781568086,422,16,7164,23880
512,1,0.25,6,-0.030414450701972972,0.9129120804992277,424,18,9635,32117
512,1,0.25,7,0.02167963002489012,0.9288690284785817,423,17,8751,29170
512,1,0.25,8,0.17878395743976694,0.9416848049108547,422,16,7494,24980
512,1,0.25,9,-0.2892605835392568,0.869191085932695,427,21,12367,41223
512,1,0.25,10,-0.29583844373471,0.8478028846168251,429,23,13517,45057
512,1,0.25,11,0.09930250853307876,0.9271111901068472,423,17,8423,28077
512,1,0.25,12,0.10631708269522501,0.926589299107794,423,17,8238,27460
512,1,0.25,13,0.06830237606433866,0.9279095415617626,423,17,8390,27967
512,1,0.25,14,-0.2185398624564221,0.8854985622097222,426,20,11817,39390
512,1,0.25,15,-0.05133202482536317,0.9097937375460511,424,18,9871,32903
512,1,0.25,16,-0.20626113954774228,0.8911495422205359,426,20,11634,38780
512,1,0.25,17,-0.1993953228102785,0.8948501383148088,425,19,11036,36787
512,1,0.25,18,-0.19647059897488886,0.890874083812423,426,20,11177,37257
512,1,0.25,19,0.09317184340156962,0.9287952124798445,423,17,8287,27623
512,1,0.25,20,-0.31320562615779,0.8752349502239232,427,21,12906,43020
512,1,0.25,21,0.030215369705872595,0.932854760147504,423,17,8691,28970
512,1,0.25,22,-0.2736607647797983,0.8856417254842013,426,20,12042,40140
512,1,0.25,23,0.09744241114059102,0.9299675778401292,423,17,8326,27753
512,1,0.25,24,0.014487541891029816,0.9137952212981189,424,18,9124,30413
512,1,0.25,25,-0.19465520869979597,0.8861460336531828,426,20,11410,38033
512,1,0.25,26,0.02084864531570993,0.9174819126466611,424,18,9192,30640
512,1,0.25,27,-0.3779297116943567,0.8517780270749613,429,23,14442,48140
512,1,0.25,28,-0.03484305607322978,0.9154512038237754,424,18,9243,30810
512,1,0.25,29,-0.3635427893173947,0.8523125826327508,429,23,14478,48260
512,1,0.3,0,-0.38017792069748085,0.8318134629491523,400,23,15378,51260
512,1,0.3,1,-0.40071606829688805,0.8502321965197632,429,23,14714,49047
512,1,0.3,2,0.3651262434545505,0.9537552756202728,421,15,6359,21197
512,1,0.3,3,-0.31940569393878027,0.8627310887978672,428,22,13504,45013
512,1,0.3,4,-0.22968269441133485,0.8743865697531129,427,21,12270,40900
512,1,0.3,5,-0.4814407854446735,0.7975307076480389,402,25,17009,56697
512,1,0.3,6,-0.1757372222720293,0.889679960305561,426,20,11239,37463
512,1,0.3,7,0.02167963002489012,0.9288690284785817,423,17,8751,29170
512,1,0.3,8,-0.4802738600945364,0.7950640147955604,402,25,16855,56183
512,1,0.3,9,-0.2892605835392568,0.869191085932695,427,21,12367,41223
512,1,0.3,10,-0.13499227416910503,0.8888060470728462,426,20,10960,36533
512,1,0.3,11,0.012495902885708248,0.9136734396630878,424,18,9321,31070
512,1,0.3,12,0.10631708269522501,0.926589299107794,423,17,8238,27460
512,1,0.3,13,-0.3113150943586744,0.8584015739870108,428,22,13190,43967
512,1,0.3,14,-0.386378147585762,0.8255568893187024,400,23,14988,49960
512,1,0.3,15,-0.05133202482536317,0.9097937375460511,424,18,9871,32903
512,1,0.3,16,0.34427748173122774,0.9518642353164123,421,15,6443,21477
512,1,0.3,17,-0.1993953228102785,0.8948501383148088,425,19,11036,36787
512,1,0.3,18,-0.2581473233728258,0.8730430913882854,427,21,12087,40290
512,1,0.3,19,0.09317184340156962,0.9287952124798445,423,17,8287,27623
512,1,0.3,20,-0.25029879159247437,0.8766176733735432,427,21,12124,40413
512,1,0.3,21,-0.028453960369652573,0.9184856284372932,424,18,9384,31280
512,1,0.3,22,-0.4558871721694885,0.8222982376319226,400,23,15631,52103
512,1,0.3,23,-0.03248208821778664,0.8994905366341371,425,19,9823,32743
512,1,0.3,24,0.03074030134336621,0.9125392739139017,424,18,8991,29970
512,1,0.3,25,-0.19465520869979597,0.8861460336531828,426,20,11410,38033
512,1,0.3,26,-0.2321327741343531,0.8893235838592883,426,20,11401,38003
512,1,0.3,27,-0.3779297116943567,0.8517780270749613,429,23,14442,48140
512,1,0.3,28,-0.03484305607322978,0.9154512038237754,424,18,9243,30810
512,1,0.3,29,-0.36028206045319566,0.8539682100700586,429,23,14410,48033
512,1,0.35,0,0.09403693812127664,0.9320014711845166,423,17,8327,27757
512,1,0.35,1,-0.4688369494805438,0.8141458148221132,401,24,15988,53293
512,1,0.35,2,-0.32090264756130654,0.8605327676691277,428,22,13269,44230
512,1,0.35,3,-0.5751462695247163,0.7695223201770678,404,27,19247,64157
512,1,0.35,4,-0.22968269441133485,0.8743865697531129,427,21,12270,40900
512,1,0.35,5,-0.4821275641214219,0.800508656348503,402,25,16957,56523
512,1,0.35,6,-0.1757372222720293,0.889679960305561,426,20,11239,37463
512,1,0.35,7,-0.29416401478648174,0.8777816821096789,427,21,12292,40973
512,1,0.35,8,-0.5199672816002188,0.7808871067347174,403,26,18096,60320
512,1,0.35,9,-0.25803761824371707,0.8845325967562122,426,20,11415,38050
512,1,0.35,10,-0.13499227416910503,0.8888060470728462,426,20,10960,36533
512,1,0.35,11,-0.055413251183097374,0.9014086125331282,425,19,10155,33850
512,1,0.35,12,-0.0007680938127394839,0.9136323509609287,424,18,9209,30697
512,1,0.35,13,-0.3113150943586744,0.8584015739870108,428,22,13190,43967
512,1,0.35,14,-0.45338126497976733,0.8095424840337699,401,24,15455,51517
512,1,0.35,15,-0.05133202482536317,0.9097937375460511,424,18,9871,32903
512,1,0.35,16,0.34427748173122774,0.9518642353164123,421,15,6443,21477
512,1,0.35,17,-0.36790268745536997,0.8468019325670869,429,23,14960,49867
512,1,0.35,18,-0.2581473233728258,0.8730430913882854,427,21,12087,40290
512,1,0.35,19,0.1069840491502555,0.9257305943566881,423,17,8147,27157
512,1,0.35,20,-0.25029879159247437,0.8766176733735432,427,21,12124,40413
512,1,0.35,21,-0.1862368653666895,0.8911017730575695,426,20,11359,37863
512,1,0.35,22,-0.3867358927659866,0.8503063406183866,429,23,14733,49110
512,1,0.35,23,-0.5311751421878499,0.763704502116174,405,28,20680,68933
512,1,0.35,24,0.03074030134336621,0.9125392739139017,424,18,8991,29970
512,1,0.35,25,-0.3522612060363356,0.850574168892736,429,23,14329,47763
512,1,0.35,26,-0.2321327741343531,0.8893235838592883,426,20,11401,38003
512,1,0.35,27,-0.3858254679047658,0.8505187175972146,429,23,14617,48723
512,1,0.35,28,-0.30623007924040563,0.8605895492053116,428,22,13296,44320
512,1,0.35,29,-0.36028206045319566,0.8539682100700586,429,23,14410,48033
512,1,0.4,0,-0.13273017096390496,0.9043046120105374,425,19,10661,35537
512,1,0.4,1,-0.4688369494805438,0.8141458148221132,401,24,15988,53293
512,1,0.4,2,-0.32090264756130654,0.8605327676691277,428,22,13269,44230
512,1,0.4,3,-0.566122639803739,0.7876963587939959,403,26,18611,62037
512,1,0.4,4,-0.29457667249080427,0.8717911567439331,427,21,12730,42433
512,1,0.4,5,-0.5777124423223706,0.7342397031136451,407,30,21220,70733
512,1,0.4,6,-0.1757372222720293,0.889679960305561,426,20,11239,37463
512,1,0.4,7,-0.29416401478648174,0.8777816821096789,427,21,12292,40973
512,1,0.4,8,-0.5225274403043874,0.7807424021381671,403,26,18218,60727
512,1,0.4,9,-0.4025077402724285,0.8469241573516516,429,23,14327,47757
512,1,0.4,10,-0.18496277999284033,0.8865590255038833,426,20,11169,37230
512,1,0.4,11,-0.5113552460958667,0.7995805810104706,402,25,17658,58860
512,1,0.4,12,-0.4599554662184809,0.8155346635669275,401,24,16040,53467
512,1,0.4,13,-0.31986668908339433,0.8589338776885682,428,22,13266,44220
512,1,0.4,14,-0.5606614478426848,0.7716825603723206,404,27,18790,62633
512,1,0.4,15,-0.14023455123072887,0.9098563282882782,424,18,10537,35123
512,1,0.4,16,0.37369882496484996,0.9520472560890193,421,15,6313,21043
512,1,0.4,17,-0.31684357510910327,0.8606712284953449,428,22,13826,46087
512,1,0.4,18,-0.24613890851805126,0.8734348466494253,427,21,12410,41367
512,1,0.4,19,-0.010538446269292635,0.9118828365483541,424,18,9176,30587
512,1,0.4,20,-0.417761406094951,0.8518491990755276,429,23,14823,49410
512,1,0.4,21,-0.3453319019003927,0.8530789839990797,429,23,14472,48240
512,1,0.4,22,-0.3938547213374049,0.8502563419453986,429,23,14940,49800
512,1,0.4,23,-0.530959879043289,0.7637830088565069,405,28,20598,68660
512,1,0.4,24,0.03074030134336621,0.9125392739139017,424,18,8991,29970
512,1,0.4,25,-0.4461934869690777,0.8317525816744217,400,23,16317,54390
512,1,0.4,26,-0.2321327741343531,0.8893235838592883,426,20,11401,38003
512,1,0.4,27,-0.46934928801110554,0.8250292198235514,400,23,15679,52263
512,1,0.4,28,-0.5711649109669356,0.7652665433940428,404,27,19551,65170
512,1,0.4,29,-0.36028206045319566,0.8539682100700586,429,23,14410,48033
512,1,0.45,0,-0.48462050968845655,0.7887204329760136,403,26,17718,59060
512,1,0.45,1,-0.4485936232566507,0.8263188228094844,400,23,15222,50740
512,1,0.45,2,-0.32090264756130654,0.8605327676691277,428,22,13269,44230
512,1,0.45,3,-0.566122639803739,0.7876963587939959,403,26,18611,62037
512,1,0.45,4,-0.27296587105535924,0.8722491700154961,427,21,12457,41523
512,1,0.45,5,-0.371811382863865,0.8272358153341848,400,23,14630,48767
512,1,0.45,6,-0.34759019752079473,0.8502890213201274,429,23,14121,47070
512,1,0.45,7,-0.5755635251868146,0.7742569167215965,404,27,19493,64977
512,1,0.45,8,-0.5225274403043874,0.7807424021381671,403,26,18218,60727
512,1,0.45,9,-0.5830838722279853,0.7842175723459923,403,26,19132,63773
512,1,0.45,10,-0.18496277999284033,0.8865590255038833,426,20,11169,37230
512,1,0.45,11,-0.524676223829108,0.8007469970183754,402,25,17984,59947
512,1,0.45,12,-0.5892088436807525,0.7455829894521918,406,29,21672,72240
512,1,0.45,13,-0.453775517918768,0.8111986352769426,401,24,15679,52263
512,1,0.45,14,-0.5606614478426848,0.7716825603723206,404,27,18790,62633
512,1,0.45,15,-0.3593581586913709,0.8454953632801667,429,23,14910,49700
512,1,0.45,16,-0.3557473357057403,0.8480804620251183,429,23,14081,46937
512,1,0.45,17,-0.31684357510910327,0.8606712284953449,428,22,13826,46087
512,1,0.45,18,-0.5765262970847307,0.7599365472957901,405,28,19692,65640
512,1,0.45,19,-0.3962151516968486,0.8269175041470267,400,23,14836,49453
512,1,0.45,20,-0.6335512799419374,0.7211280001166356,408,31,23213,77377
512,1,0.45,21,-0.3453319019003927,0.8530789839990797,429,23,14472,48240
512,1,0.45,22,-0.44742776184002786,0.8281901321214142,400,23,15553,51843
512,1,0.45,23,-0.5492452294577439,0.7614471478663247,405,28,20426,68087
512,1,0.45,24,-0.3349499678870786,0.8482930652061788,429,23,14483,48277
512,1,0.45,25,-0.4923436444763428,0.8056966861045441,402,25,18047,60157
512,1,0.45,26,-0.24366184167358323,0.8760948030140346,427,21,12371,41237
512,1,0.45,27,-0.46934928801110554,0.8250292198235514,400,23,15679,52263
512,1,0.45,28,-0.5055174779072191,0.8161217203664979,401,24,16479,54930
512,1,0.45,29,-0.36028206045319566,0.8539682100700586,429,23,14410,48033
512,1,0.5,0,-0.5226885194842611,0.7756946653650361,404,27,19307,64357
512,1,0.5,1,-0.4866914697507036,0.8132262634148912,401,24,15742,52473
512,1,0.5,2,-0.32090264756130654,0.8605327676691277,428,22,13269,44230
512,1,0.5,3,-0.6715030024167875,0.7113252922299445,409,32,25100,83667
512,1,0.5,4,-0.3239448964742395,0.8597832346979561,428,22,13446,44820
512,1,0.5,5,-0.465711907719806,0.7994715960155362,402,25,17210,57367
512,1,0.5,6,-0.4000337657622258,0.8273363556507286,400,23,14543,48477
512,1,0.5,7,-0.577446109988594,0.7737031348273604,404,27,19490,64967
512,1,0.5,8,-0.5225274403043874,0.7807424021381671,403,26,18218,60727
512,1,0.5,9,-0.5855306397026961,0.7846461422985735,403,26,17944,59813
512,1,0.5,10,-0.18496277999284033,0.8865590255038833,426,20,11169,37230
512,1,0.5,11,-0.6905618664851731,0.6400901838546511,415,38,30015,100050
512,1,0.5,12,-0.46003861125276446,0.8028883883291121,402,25,16918,56393
512,1,0.5,13,-0.453775517918768,0.8111986352769426,401,24,15679,52263
512,1,0.5,14,-0.4574060472498505,0.8109186953727926,401,24,15390,51300
512,1,0.5,15,-0.4774422332330402,0.8105381739707299,401,24,17160,57200
512,1,0.5,16,-0.32562223269486157,0.863966150139517,428,22,13870,46233
512,1,0.5,17,-0.31684357510910327,0.8606712284953449,428,22,13826,46087
512,1,0.5,18,-0.511327847247614,0.7746806034824983,404,27,18907,63023
512,1,0.5,19,-0.3251838738385287,0.8475829095942836,429,23,13970,46567
512,1,0.5,20,-0.5957966275329927,0.7450231161334815,406,29,20759,69197
512,1,0.5,21,-0.5599122702970808,0.7516480974660973,406,29,21226,70753
512,1,0.5,22,-0.5088765625815782,0.7999738163297423,402,25,16675,55583
512,1,0.5,23,-0.5492452294577439,0.7614471478663247,405,28,20426,68087
512,1,0.5,24,-0.3349499678870786,0.8482930652061788,429,23,14483,48277
512,1,0.5,25,-0.5077540248424401,0.791957105522304,403,26,18863,62877
512,1,0.5,26,-0.28042817567717565,0.8725239186149546,427,21,12823,42743
512,1,0.5,27,-0.6195846569260586,0.7423167049744804,406,29,21507,71690
512,1,0.5,28,-0.5875058876715149,0.7492849284577453,406,29,20899,69663
512,1,0.5,29,-0.4537734062317245,0.818448372271339,401,24,15940,53133
512,1,0.55,0,-0.5226885194842611,0.7756946653650361,404,27,19307,64357
512,1,0.55,1,-0.4812098905843989,0.8134633039417766,401,24,15596,51987
512,1,0.55,2,-0.32090264756130654,0.8605327676691277,428,22,13269,44230
512,1,0.55,3,-0.5782727635219221,0.7709785593324808,404,27,19143,63810
512,1,0.55,4,-0.5953929611233116,0.7586799498903564,405,28,19383,64610
512,1,0.55,5,-0.6069960747602101,0.7248739545087699,408,31,22663,75543
512,1,0.55,6,-0.5835828576184421,0.7353947973916095,407,30,21628,72093
512,1,0.55,7,-0.577446109988594,0.7737031348273604,404,27,19490,64967
512,1,0.55,8,-0.5499174244590788,0.7834104677745006,403,26,19168,63893
512,1,0.55,9,-0.6227277772523371,0.746786079077448,406,29,20721,69070
512,1,0.55,10,-0.1544269902938336,0.887484668786376,426,20,10873,36243
512,1,0.55,11,-0.7017396026810387,0.6146541587769175,417,40,31642,105473
512,1,0.55,12,-0.45262316231590655,0.8156051780199314,401,24,16369,54563
512,1,0.55,13,-0.6008401845586369,0.7318078636846735,407,30,22141,73803
512,1,0.55,14,-0.4574060472498505,0.8109186953727926,401,24,15390,51300
512,1,0.55,15,-0.4774422332330402,0.8105381739707299,401,24,17160,57200
512,1,0.55,16,-0.6018052967127129,0.732965042238987,407,30,21926,73087
512,1,0.55,17,-0.3126152895572634,0.8646692638489638,428,22,13666,45553
512,1,0.55,18,-0.7796736111641626,0.5638585860868177,421,44,36626,122087
512,1,0.55,19,-0.3251838738385287,0.8475829095942836,429,23,13970,46567
512,1,0.55,20,-0.6804971050724398,0.6820097739337689,411,34,26480,88267
512,1,0.55,21,-0.5561542378205713,0.7517425046947742,406,29,21050,70167
512,1,0.55,22,-0.6032941957431018,0.7348781675539944,407,30,21324,71080
512,1,0.55,23,-0.7025900233566876,0.6025981304579966,418,41,34300,114333
512,1,0.55,24,-0.3275548026072911,0.8477998770032631,429,23,14422,48073
512,1,0.55,25,-0.5389024059838219,0.7894115541325679,403,26,18846,62820
512,1,0.55,26,-0.28042817567717565,0.8725239186149546,427,21,12823,42743
512,1,0.55,27,-0.6375553706858618,0.7171545276171528,408,31,23121,77070
512,1,0.55,28,-0.6373472872657624,0.7688128207018944,404,27,20553,68510
512,1,0.55,29,-0.7547340201809107,0.6231541694268425,416,39,32084,106947
512,1,0.6,0,-0.5226885194842611,0.7756946653650361,404,27,19307,64357
512,1,0.6,1,-0.510827611776236,0.7839500191538157,403,26,16950,56500
512,1,0.6,2,-0.4653014507629569,0.7984404570754996,402,25,16296,54320
512,1,0.6,3,-0.5655426395169869,0.773174761514807,404,27,18738,62460
512,1,0.6,4,-0.629426773093379,0.7330999817784151,407,30,21358,71193
512,1,0.6,5,-0.7210404206493536,0.6166013264450808,417,40,32594,108647
512,1,0.6,6,-0.5307486956195716,0.7716608120591804,404,27,18669,62230
512,1,0.6,7,-0.7550156002772336,0.5772605871784989,420,43,35176,117253
512,1,0.6,8,-0.5499174244590788,0.7834104677745006,403,26,19168,63893
512,1,0.6,9,-0.676307777481728,0.707819637399822,409,32,23958,79860
512,1,0.6,10,-0.24935796832738244,0.8879933191945443,426,20,11537,38457
512,1,0.6,11,-0.7017396026810387,0.6146541587769175,417,40,31642,105473
512,1,0.6,12,-0.5435108408109168,0.7630583735551609,405,28,20289,67630
512,1,0.6,13,-0.6008401845586369,0.7318078636846735,407,30,22141,73803
512,1,0.6,14,-0.4574060472498505,0.8109186953727926,401,24,15390,51300
512,1,0.6,15,-0.5453559914543019,0.7708887665463041,404,27,20186,67287
512,1,0.6,16,-0.6018052967127129,0.732965042238987,407,30,21926,73087
512,1,0.6,17,-0.3126152895572634,0.8646692638489638,428,22,13666,45553
512,1,0.6,18,-0.7790640736249105,0.5642032160285966,421,44,36589,121963
512,1,0.6,19,-0.6855139304867579,0.6606377648138891,413,36,28326,94420
512,1,0.6,20,-0.6672839829538455,0.6750919147241949,412,35,27635,92117
512,1,0.6,21,-0.5561542378205713,0.7517425046947742,406,29,21050,70167
512,1,0.6,22,-0.49503281264085824,0.7897865399484867,403,26,18416,61387
512,1,0.6,23,-0.729752407945415,0.5457092475881598,423,46,38585,128617
512,1,0.6,24,-0.4101683723968567,0.8123870414041556,401,24,15633,52110
512,1,0.6,25,-0.6640565774346907,0.7110563002281023,409,32,24786,82620
512,1,0.6,26,-0.07891418980698542,0.9124729033154739,424,18,9698,32327
512,1,0.6,27,-0.6841034029258691,0.6673347562568421,412,35,26979,89930
512,1,0.6,28,-0.639058675118916,0.7555336003848928,405,28,20880,69600
512,1,0.6,29,-0.7906637009184968,0.5440727146052844,423,46,38547,128490
512,1,0.65,0,-0.7361911200159373,0.5460773851056645,423,46,37847,126157
512,1,0.65,1,-0.7588780414333073,0.5895243411109699,419,42,34951,116503
512,1,0.65,2,-0.6504980578857638,0.6846441436213546,411,34,25738,85793
512,1,0.65,3,-0.7106018128128202,0.648019714849258,414,37,28979,96597
512,1,0.65,4,-0.6314580828705684,0.7207242234304072,408,31,22801,76003
512,1,0.65,5,-0.7639098789315367,0.5798180845869498,420,43,34983,116610
512,1,0.65,6,-0.6428902762086031,0.7104607055721347,409,32,24930,83100
512,1,0.65,7,-0.7911933565814979,0.5016995910401518,427,50,41947,139823
512,1,0.65,8,-0.7404424587233962,0.5365277944412827,424,47,40040,133467
512,1,0.65,9,-0.8111190866134367,0.508779725037822,426,49,42357,141190
512,1,0.65,10,-0.2426936322396487,0.888186607211914,426,20,11469,38230
512,1,0.65,11,-0.7506874411937451,0.5700243167469815,421,44,34994,116647
512,1,0.65,12,-0.6112186502836708,0.7246664075892875,408,31,24195,80650
512,1,0.65,13,-0.6929208813035066,0.6344054292726856,415,38,29636,98787
512,1,0.65,14,-0.7604563307288983,0.5641628644196686,421,44,34834,116113
512,1,0.65,15,-0.5923405175102622,0.6846210593000617,411,34,25631,85437
512,1,0.65,16,-0.6366878794721755,0.6897805724377672,411,34,25121,83737
512,1,0.65,17,-0.7328651434194975,0.5882565014728562,419,42,33707,112357
512,1,0.65,18,-0.7078809143110306,0.6832705951859127,411,34,26399,87997
512,1,0.65,19,-0.6855139304867579,0.6606377648138891,413,36,28326,94420
512,1,0.65,20,-0.7304648860043979,0.5706978818591304,421,44,36298,120993
512,1,0.65,21,-0.5797497368030621,0.7628397466818269,405,28,19695,65650
512,1,0.65,22,-0.5966330577552966,0.7481479592139301,406,29,20474,68247
512,1,0.65,23,-0.729752407945415,0.5457092475881598,423,46,38585,128617
512,1,0.65,24,-0.5305111174668884,0.7599821326184379,405,28,19798,65993
512,1,0.65,25,-0.7591485722650572,0.6025118912437184,418,41,35549,118497
512,1,0.65,26,-0.7152305368007207,0.6125960045193871,417,40,33690,112300
512,1,0.65,27,-0.646718307934664,0.7334290728158828,407,30,22885,76283
512,1,0.65,28,-0.777342718423836,0.5651933330292392,421,44,36448,121493
512,1,0.65,29,-0.7827832624945017,0.5348859679746144,424,47,38852,129507
512,1,0.7,0,-0.7693672231404234,0.48491047464327314,429,52,44346,147820
512,1,0.7,1,-0.7909474467648843,0.5046316084145621,427,50,43812,146040
512,1,0.7,2,-0.6504980578857638,0.6846441436213546,411,34,25738,85793
512,1,0.7,3,-0.8369704824004273,0.3540269007053701,408,60,53812,179373
512,1,0.7,4,-0.6382644311633987,0.7209327318639202,408,31,23041,76803
512,1,0.7,5,-0.8533989304486814,0.34463913384837813,409,61,54823,182743
512,1,0.7,6,-0.762709312619461,0.5369390958582749,424,47,39540,131800
512,1,0.7,7,-0.8054222902276739,0.4365360680977619,400,52,45700,152333
512,1,0.7,8,-0.7404424587233962,0.5365277944412827,424,47,40040,133467
512,1,0.7,9,-0.8121426131600623,0.5085482133583408,426,49,42410,141367
512,1,0.7,10,-0.2426936322396487,0.888186607211914,426,20,11469,38230
512,1,0.7,11,-0.8026089960597355,0.4894581536973422,428,51,41686,138953
512,1,0.7,12,-0.6300484388062647,0.7117834689587509,409,32,25463,84877
512,1,0.7,13,-0.8338145297437302,0.40458356381810456,403,55,47683,158943
512,1,0.7,14,-0.7535783601501328,0.5648946659915548,421,44,36092,120307
512,1,0.7,15,-0.7620907244866335,0.4436164267574512,400,52,46371,154570
512,1,0.7,16,-0.6352463262947877,0.6870433771520347,411,34,24957,83190
512,1,0.7,17,-0.7765072704436401,0.5556768008580115,422,45,38714,129047
512,1,0.7,18,-0.7779153282346677,0.5669150114697016,421,44,36861,122870
512,1,0.7,19,-0.5501896293998491,0.7716471630033939,404,27,18602,62007
512,1,0.7,20,-0.8250391530629501,0.36678450374636407,407,59,52834,176113
512,1,0.7,21,-0.8091805527014427,0.4425428405816616,400,52,45778,152593
512,1,0.7,22,-0.701115493146423,0.6621542720822864,413,36,28279,94263
512,1,0.7,23,-0.729752407945415,0.5457092475881598,423,46,38585,128617
512,1,0.7,24,-0.5305111174668884,0.7599821326184379,405,28,19798,65993
512,1,0.7,25,-0.7913004544899795,0.536026263827814,424,47,41594,138647
512,1,0.7,26,-0.6891968687398523,0.6129461443004344,417,40,31589,105297
512,1,0.7,27,-0.7592737066162347,0.6014787417519278,418,41,34286,114287
512,1,0.7,28,-0.8248349962854699,0.4366629910043716,400,52,45951,153170
512,1,0.7,29,-0.7889536229950493,0.5360681196880469,424,47,39253,130843
512,1,0.75,0,-0.8048832127501004,0.37002350392839806,407,59,51664,172213
512,1,0.75,1,-0.7936719329427387,0.48422971699896633,429,52,44731,149103
512,1,0.75,2,-0.76632934483775,0.5029190661482035,427,50,42035,140117
512,1,0.75,3,-0.8368597812283237,0.3545823865678376,408,60,53706,179020
512,1,0.75,4,-0.872564582251427,0.267089372264419,417,69,63271,210903
512,1,0.75,5,-0.8152008356353496,0.4817891939775291,429,52,44459,148197
512,1,0.75,6,-0.772793546885851,0.5278287223023905,425,48,41426,138087
512,1,0.75,7,-0.8054222902276739,0.4365360680977619,400,52,45700,152333
512,1,0.75,8,-0.7806882521583604,0.5303710318757309,424,47,40575,135250
512,1,0.75,9,-0.841335538452706,0.4030799409484584,403,55,48942,163140
512,1,0.75,10,-0.8507736384134125,0.3323572352664975,410,62,54559,181863
512,1,0.75,11,-0.8371730511424728,0.4050283463868962,403,55,48576,161920
512,1,0.75,12,-0.7611527420290459,0.507731924006483,427,50,41233,137443
512,1,0.75,13,-0.8077204465422886,0.43785935648937113,400,52,44701,149003
512,1,0.75,14,-0.8305695389314517,0.37467600108353855,406,58,52311,174370
512,1,0.75,15,-0.7620907244866335,0.4436164267574512,400,52,46371,154570
512,1,0.75,16,-0.763332323067105,0.5505076862249692,422,45,35401,118003
512,1,0.75,17,-0.7771253520985688,0.5084313295442126,426,49,40411,134703
512,1,0.75,18,-0.8414015917422591,0.38140179905268723,405,57,51194,170647
512,1,0.75,19,-0.8102912457961915,0.43527210052369053,400,52,44674,148913
512,1,0.75,20,-0.7282866434243876,0.6129833346582851,417,40,32441,108137
512,1,0.75,21,-0.8091805527014427,0.4425428405816616,400,52,45778,152593
512,1,0.75,22,-0.7350579390668374,0.6015040271719196,418,41,33480,111600
512,1,0.75,23,-0.8020135141610658,0.3611962840610766,408,60,52268,174227
512,1,0.75,24,-0.786074689724806,0.5658333240563145,421,44,36607,122023
512,1,0.75,25,-0.821236941283859,0.43011716470539363,401,53,48591,161970
512,1,0.75,26,-0.8070323748677083,0.43718503501116857,400,52,45185,150617
512,1,0.75,27,-0.7788696038400849,0.5240182500522309,425,48,39906,133020
512,1,0.75,28,-0.8024185677750235,0.4920650438996179,428,51,43872,146240
512,1,0.75,29,-0.8461896646711935,0.34487923682224353,409,61,53866,179553
512,1,0.8,0,-0.8265475098492395,0.2853007082093381,416,68,60742,202473
512,1,0.8,1,-0.8875914459153501,0.1067040752299151,400,81,73978,246593
512,1,0.8,2,-0.7938156062024574,0.420094185420195,402,54,45868,152893
512,1,0.8,3,-0.8144587863753715,0.4370281425022112,400,52,46038,153460
512,1,0.8,4,-0.872564582251427,0.267089372264419,417,69,63271,210903
512,1,0.8,5,-0.87274840389144,0.23113369467011471,421,73,66046,220153
512,1,0.8,6,-0.8201308344191459,0.4351091210087812,400,52,43674,145580
512,1,0.8,7,-0.8425851120857762,0.3381922156353413,410,62,56047,186823
512,1,0.8,8,-0.8127837595653118,0.4354111360429528,400,52,45507,151690
512,1,0.8,9,-0.8797798677600993,0.2500472680252917,419,71,67025,223417
512,1,0.8,10,-0.8343971125238849,0.38055448738180764,405,57,48550,161833
512,1,0.8,11,-0.8371730511424728,0.4050283463868962,403,55,48576,161920
512,1,0.8,12,-0.8227934056020865,0.3968155406246273,404,56,49319,164397
512,1,0.8,13,-0.8511053491745808,0.25993887774243957,418,70,63231,210770
512,1,0.8,14,-0.861249551497618,0.2076486438666143,424,76,69754,232513
512,1,0.8,15,-0.8175733159419767,0.4025439352130723,403,55,48139,160463
512,1,0.8,16,-0.8683725227159523,0.28833653728457975,415,67,60828,202760
512,1,0.8,17,-0.7757203555424116,0.5225669836722466,425,48,39857,132857
512,1,0.8,18,-0.8521468871767318,0.3619160635991825,407,59,54542,181807
512,1,0.8,19,-0.8562283194034158,0.2517795842489791,419,71,62596,208653
512,1,0.8,20,-0.8893313707272384,0.008135122829909622,413,94,88415,294717
512,1,0.8,21,-0.8222764707439076,0.3797772757876253,406,58,50003,166677
512,1,0.8,22,-0.8103025563159553,0.4389381519113302,400,52,44476,148253
512,1,0.8,23,-0.8072809603773422,0.3425118637953168,410,62,54311,181037
512,1,0.8,24,-0.8388429826177102,0.39330694758205753,404,56,48777,162590
512,1,0.8,25,-0.8805828700218905,0.11121597152055095,400,81,77436,258120
512,1,0.8,26,-0.8130867525401362,0.40276058148012367,403,55,46778,155927
512,1,0.8,27,-0.8226261661547657,0.3671396762878861,407,59,50791,169303
512,1,0.8,28,-0.8594571298444942,0.28681953123320814,415,67,60150,200500
512,1,0.8,29,-0.8794569831470854,0.16445813702252213,429,81,75000,250000
512,1,0.85,0,-0.8903006251381819,0.08882441026875015,402,83,76181,253937
512,1,0.85,1,-0.9250345619995277,-0.3941405209052431,400,139,133297,444323
512,1,0.85,2,-0.8728462007580879,0.110122314533513,400,81,72926,243087
512,1,0.85,3,-0.8658278101064862,0.1931854394639145,426,78,73037,243457
512,1,0.85,4,-0.8919838148888782,0.10576208134944733,400,81,76911,256370
512,1,0.85,5,-0.9029204338514397,0.012210912485350988,412,93,87358,291193
512,1,0.85,6,-0.8407560633278243,0.3057886893035562,413,65,55728,185760
512,1,0.85,7,-0.8932498297476581,-0.011914188737367104,416,97,92785,309283
512,1,0.85,8,-0.8766762787899309,0.109582624927706,400,81,74845,249483
512,1,0.85,9,-0.8763206417953681,0.21437695947416788,423,75,69635,232117
512,1,0.85,10,-0.8537828277111549,0.28560196304594065,415,67,58858,196193
512,1,0.85,11,-0.8835937808341954,0.10376853782364544,400,81,72868,242893
512,1,0.85,12,-0.8609157495060733,0.22431362119837944,422,74,68176,227253
512,1,0.85,13,-0.8558234413521353,0.26428318659758765,418,70,64772,215907
512,1,0.85,14,-0.8606647136558242,0.20644016469123716,424,76,69422,231407
512,1,0.85,15,-0.8843145510555697,-0.01953619796070656,417,98,92869,309563
512,1,0.85,16,-0.9033703146068941,0.015520982215764126,412,93,88002,293340
512,1,0.85,17,-0.8130426477681699,0.4264397273314146,401,53,45849,152830
512,1,0.85,18,-0.8939079908508502,0.057805638603528074,406,87,82885,276283
512,1,0.85,19,-0.8562283194034158,0.2517795842489791,419,71,62596,208653
512,1,0.85,20,-0.9048601074503062,-0.1610427668467099,400,110,107095,356983
512,1,0.85,21,-0.8989329712025528,0.021155614338795807,411,92,85848,286160
512,1,0.85,22,-0.7682307765659109,0.5528221098205237,422,45,37320,124400
512,1,0.85,23,-0.8046297280913209,0.34263934621676867,410,62,53757,179190
512,1,0.85,24,-0.8599013435751941,0.28330825311864355,415,67,59638,198793
512,1,0.85,25,-0.8722192263142677,0.19877560524170132,425,77,72879,242930
512,1,0.85,26,-0.8891675840218813,0.03893973253692248,409,90,85432,284773
512,1,0.85,27,-0.8929882143532526,0.03418942235104109,409,90,85129,283763
512,1,0.85,28,-0.8543146506533017,0.31568637023194085,412,64,57713,192377
512,1,0.85,29,-0.8995687974812003,-0.00943246267993674,415,96,90874,302913
512,1,0.9,0,-0.9263543251405908,-0.3918231731570977,400,139,133839,446130
512,1,0.9,1,-0.9264180997090232,-0.47568885968051033,420,159,153368,511227
512,1,0.9,2,-0.9096404147145335,-0.21016096188503028,408,118,109896,366320
512,1,0.9,3,-0.8915098816000537,0.019268937413735344,412,93,88721,295737
512,1,0.9,4,-0.9078590334844673,-0.05416374712174536,421,102,97103,323677
512,1,0.9,5,-0.9311322927085715,-0.4445842335953387,412,151,148848,496160
512,1,0.9,6,-0.8914179567013315,-0.010532256042152612,416,97,91473,304910
512,1,0.9,7,-0.9183459570162696,-0.17386131097993032,401,111,107193,357310
512,1,0.9,8,-0.8766562512341469,0.10168178556133325,401,82,75767,252557
512,1,0.9,9,-0.9092199166275815,-0.06471502436924532,423,104,101826,339420
512,1,0.9,10,-0.9083191880648315,-0.16839259774632803,400,110,103456,344853
512,1,0.9,11,-0.8986024888257861,-0.02973330773987713,418,99,90804,302680
512,1,0.9,12,-0.9265224609036105,-0.4699335235667203,419,158,153871,512903
512,1,0.9,13,-0.9053340429589499,-0.075407969179894,425,106,100544,335147
512,1,0.9,14,-0.9185250262918825,-0.25020967192950133,414,124,121463,404877
512,1,0.9,15,-0.9157676533879168,-0.49697308486735975,428,167,163449,544830
512,1,0.9,16,-0.9122871219097789,-0.09317366065090256,428,109,104335,347783
512,1,0.9,17,-0.9029263889516799,-0.08348036522330092,426,107,101042,336807
512,1,0.9,18,-0.9206433833055527,-0.3016887351959205,424,134,130648,435493
512,1,0.9,19,-0.9092393052610805,-0.1927950037134143,405,115,108819,362730
512,1,0.9,20,-0.9131528384564399,-0.3185521839266839,429,139,135287,450957
512,1,0.9,21,-0.8974865469925616,0.014961140235428919,412,93,86594,288647
512,1,0.9,22,-0.8274363162066599,0.3918323480482462,404,56,49086,163620
512,1,0.9,23,-0.8974723704318509,-0.05798565788365241,423,104,100384,334613
512,1,0.9,24,-0.9139561551047555,-0.16633339006879924,400,110,105616,352053
512,1,0.9,25,-0.8779273813371673,0.09299537209317407,402,83,79151,263837
512,1,0.9,26,-0.8899653333888733,0.031548873731887514,410,91,86368,287893
512,1,0.9,27,-0.9045327873711995,-0.0900729050802601,427,108,101996,339987
512,1,0.9,28,-0.9226108221896799,-0.238519667413334,412,122,120664,402213
512,1,0.9,29,-0.9165688591199116,-0.22163869981850173,409,119,113517,378390
512,1,0.95,0,-0.9323103519404347,-0.6020156412889526,410,178,174315,581050
512,1,0.95,1,-0.9282294199877622,-0.5911659641508203,406,174,169254,564180
512,1,0.95,2,-0.9255044195784587,-0.6321866128599041,424,192,183095,610317
512,1,0.95,3,-0.9338060682211322,-0.6132180307555859,414,182,179064,596880
512,1,0.95,4,-0.9326649341798343,-0.5007312743400256,427,166,161412,538040
512,1,0.95,5,-0.9391471188648729,-0.8403178277164635,421,247,249413,831377
512,1,0.95,6,-0.9147112861010824,-0.1862372614335504,403,113,108160,360533
512,1,0.95,7,-0.9313183262179001,-0.5718380015184001,400,168,163908,546360
512,1,0.95,8,-0.8956295463721552,-0.06584801793767357,424,105,97182,323940
512,1,0.95,9,-0.926692301445773,-0.42971922964130654,409,148,147554,491847
512,1,0.95,10,-0.920294140698864,-0.4456523422412268,412,151,146905,489683
512,1,0.95,11,-0.924939500340078,-0.39066531509226604,400,139,131708,439027
512,1,0.95,12,-0.93477765404078,-0.9001144172679526,417,272,274428,914760
512,1,0.95,13,-0.9269075986053683,-0.41722994266329494,406,145,141133,470443
512,1,0.95,14,-0.9362797402220703,-0.6352961102398667,423,191,191380,637933
512,1,0.95,15,-0.9239865176513093,-0.8170614056012846,411,237,237254,790847
512,1,0.95,16,-0.9376352263948176,-0.8128062492185538,400,226,226280,754267
512,1,0.95,17,-0.9290363701168732,-0.6197714928243787,416,184,180027,600090
512,1,0.95,18,-0.9322545045322489,-0.63252499315238,421,189,186831,622770
512,1,0.95,19,-0.9310686661369242,-0.6474536724114102,428,196,190706,635687
512,1,0.95,20,-0.9347060565187029,-0.7257270372178403,408,205,202150,673833
512,1,0.95,21,-0.9371942960502287,-0.5710738583770887,400,168,166388,554627
512,1,0.95,22,-0.9089402634089643,-0.3003253868294679,425,135,130410,434700
512,1,0.95,23,-0.9326806294530844,-0.48284313079918073,422,161,158108,527027
512,1,0.95,24,-0.927449560025858,-0.41537469809786015,405,144,138880,462933
512,1,0.95,25,-0.9191601330641219,-0.38535647125109296,400,139,138012,460040
512,1,0.95,26,-0.9226210657422195,-0.5953620167379006,411,179,175646,585487
512,1,0.95,27,-0.9279425928756599,-0.4927829957425388,425,164,158055,526850
512,1,0.95,28,-0.9300534058875899,-0.39176701254165797,400,139,136849,456163
512,1,0.95,29,-0.9314528991273591,-0.5704750694880403,400,168,163509,545030
512,1,1.0,0,-0.8299425985880546,-0.9815011536917292,400,400,403488,1344960
512,1,1.0,1,-0.7995874562665758,-0.978645301376154,400,400,404072,1346907
512,1,1.0,2,-0.8442030521014275,-0.9883660907864514,400,400,398340,1327800
512,1,1.0,3,-0.816980824572614,-0.9852922943634017,400,400,399402,1331340
512,1,1.0,4,-0.7869552892490076,-0.9820795731959695,400,400,408196,1360653
512,1,1.0,5,-0.7800867244932804,-0.9814801038905336,400,400,410575,1368583
512,1,1.0,6,-0.7409183485788269,-0.9645841853321181,400,400,403397,1344657
512,1,1.0,7,-0.8184383305705334,-0.983961585982378,400,400,405799,1352663
512,1,1.0,8,-0.8423334106113343,-0.993948802669586,400,400,403022,1343407
512,1,1.0,9,-0.7948070235038777,-0.9779402762154286,400,400,408100,1360333
512,1,1.0,10,-0.8596742521474282,-0.9946153821324324,400,400,401364,1337880
512,1,1.0,11,-0.7936312325555138,-0.9761924204762554,400,400,397052,1323507
512,1,1.0,12,-0.8129875779210769,-0.9798494792279001,400,400,407934,1359780
512,1,1.0,13,-0.8007578772346884,-0.9729010731926644,400,400,404331,1347770
512,1,1.0,14,-0.7870188022194969,-0.9720242374110376,400,400,402812,1342707
512,1,1.0,15,-0.813328173594928,-0.975418530764705,400,400,404466,1348220
512,1,1.0,16,-0.7823065203533835,-0.9778009969485943,400,400,404120,1347067
512,1,1.0,17,-0.8328205909407366,-0.9887256321485073,400,400,402433,1341443
512,1,1.0,18,-0.8454160320743448,-0.9830180782252549,400,400,404321,1347737
512,1,1.0,19,-0.8047535604596968,-0.9779897831917963,400,400,400707,1335690
512,1,1.0,20,-0.7847646772240682,-0.9741708031016432,400,400,402755,1342517
512,1,1.0,21,-0.810166053285245,-0.9811592617056631,400,400,404896,1349653
512,1,1.0,22,-0.7721640809077245,-0.9811026958560389,400,400,405089,1350297
512,1,1.0,23,-0.81889167331706,-0.9904053615965446,400,400,405321,1351070
512,1,1.0,24,-0.8241666719798366,-0.9930413704542472,400,400,402001,1340003
512,1,1.0,25,-0.7762337369546504,-0.970198707243619,400,400,406376,1354587
512,1,1.0,26,-0.8160455675282107,-0.9777288416633241,400,400,407117,1357057
512,1,1.0,27,-0.795466278870553,-0.9826744480748026,400,400,398827,1329423
512,1,1.0,28,-0.8225434039391653,-0.9811336162074196,400,400,404666,1348887
512,1,1.0,29,-0.7817662778718611,-0.9772870862197681,400,400,403182,1343940
8192,3,0.0,0,0.18736276598499174,0.7243485692617073,420,14,7376,24587
8192,3,0.0,1,0.19327279496462593,0.7624239525483002,420,14,7318,24393
8192,3,0.0,2,0.19199291639240088,0.74108028274082,420,14,7272,24240
8192,3,0.0,3,0.19131204179486377,0.7453837796472147,420,14,7293,24310
8192,3,0.0,4,0.1927374474691474,0.7809824119860697,420,14,7338,24460
8192,3,0.0,5,0.18757590085612288,0.7402257641993188,420,14,7271,24237
8192,3,0.0,6,0.191775372472672,0.741768145369622,420,14,7304,24347
8192,3,0.0,7,0.19319120255468913,0.7586618275648096,420,14,7310,24367
8192,3,0.0,8,0.19084120633699878,0.7506043454455564,420,14,7370,24567
8192,3,0.0,9,0.19242317412221405,0.7712266235778116,420,14,7343,24477
8192,3,0.0,10,0.18938050921244082,0.7367359757683922,420,14,7301,24337
8192,3,0.0,11,0.19385805937035444,0.7535011455828402,420,14,7304,24347
8192,3,0.0,12,0.18790228830697964,0.7263066538763641,420,14,7316,24387
8192,3,0.0,13,0.19038810570080836,0.7720303430067171,420,14,7302,24340
8192,3,0.0,14,0.19235199427994587,0.7638728076322812,420,14,7306,24353
8192,3,0.0,15,0.19367158111547306,0.7614413938110172,420,14,7293,24310
8192,3,0.0,16,0.1921714753678692,0.7806873741196898,420,14,7308,24360
8192,3,0.0,17,0.18985419455190308,0.7131972458150433,420,14,7283,24277
8192,3,0.0,18,0.18926444228668055,0.7689867439954263,420,14,7242,24140
8192,3,0.0,19,0.18941277236841664,0.7292016380988365,420,14,7242,24140
8192,3,0.0,20,0.19151571963784964,0.7636341063520578,420,14,7321,24403
8192,3,0.0,21,0.19039395660911776,0.7466068053677288,420,14,7312,24373
8192,3,0.0,22,0.1901191854849615,0.7746770347088363,420,14,7270,24233
8192,3,0.0,23,0.1906521747028383,0.7748380085040084,420,14,7291,24303
8192,3,0.0,24,0.18885814640591742,0.7291041230610137,420,14,7337,24457
8192,3,0.0,25,0.19090897176084226,0.7642849197618107,420,14,7301,24337
8192,3,0.0,26,0.19178613498680583,0.7459517077555833,420,14,7235,24117
8192,3,0.0,27,0.1935007733434952,0.7754522084710671,420,14,7296,24320
8192,3,0.0,28,0.1717084055937767,0.7390172996629164,420,14,6778,22593
8192,3,0.0,29,0.16970744335331106,0.7302407198056519,420,14,6812,22707
8192,3,0.05,0,-0.04546935945431339,0.6289158172166139,429,17,10100,33667
8192,3,0.05,1,-0.11195032631792004,0.6515824907479802,426,16,9621,32070
8192,3,0.05,2,0.19199291639240088,0.74108028274082,420,14,7272,24240
8192,3,0.05,3,-0.017957391504715252,0.6492341034288297,426,16,9367,31223
8192,3,0.05,4,0.04590680205823735,0.7382253212501831,423,15,8510,28367
8192,3,0.05,5,-0.029224566660316986,0.6840082948283535,426,16,9519,31730
8192,3,0.05,6,0.191775372472672,0.741768145369622,420,14,7304,24347
8192,3,0.05,7,0.19319120255468913,0.7586618275648096,420,14,7310,24367
8192,3,0.05,8,0.19084120633699878,0.7506043454455564,420,14,7370,24567
8192,3,0.05,9,0.19242317412221405,0.7712266235778116,420,14,7343,24477
8192,3,0.05,10,0.18938050921244082,0.7367359757683922,420,14,7301,24337
8192,3,0.05,11,0.07838125664624725,0.7328441036092664,423,15,8302,27673
8192,3,0.05,12,0.18790228830697964,0.7263066538763641,420,14,7316,24387
8192,3,0.05,13,0.19038810570080836,0.7720303430067171,420,14,7302,24340
8192,3,0.05,14,0.19235199427994587,0.7638728076322812,420,14,7306,24353
8192,3,0.05,15,0.0642946616354951,0.7183848674344603,423,15,8358,27860
8192,3,0.05,16,0.05596189104584659,0.7450858402423216,423,15,8409,28030
8192,3,0.05,17,-0.007106834997335988,0.7217696518809292,423,15,8150,27167
8192,3,0.05,18,0.18926444228668055,0.7689867439954263,420,14,7242,24140
8192,3,0.05,19,0.18941277236841664,0.7292016380988365,420,14,7242,24140
8192,3,0.05,20,0.19151571963784964,0.7636341063520578,420,14,7321,24403
8192,3,0.05,21,0.19039395660911776,0.7466068053677288,420,14,7312,24373
8192,3,0.05,22,0.1901191854849615,0.7746770347088363,420,14,7270,24233
8192,3,0.05,23,0.1906521747028383,0.7748380085040084,420,14,7291,24303
8192,3,0.05,24,0.18885814640591742,0.7291041230610137,420,14,7337,24457
8192,3,0.05,25,-0.02434271998461833,0.7090883110462988,423,15,8362,27873
8192,3,0.05,26,0.010082208029193105,0.6822884377030408,426,16,9163,30543
8192,3,0.05,27,0.1935007733434952,0.7754522084710671,420,14,7296,24320
8192,3,0.05,28,-0.12374773811826695,0.6700587889172617,426,16,9692,32307
8192,3,0.05,29,-0.10191535688631749,0.6649046130921039,426,16,9484,31613
8192,3,0.1,0,-0.10628527817271784,0.5915632666888658,402,17,10871,36237
8192,3,0.1,1,-0.11195032631792004,0.6515824907479802,426,16,9621,32070
8192,3,0.1,2,0.19199291639240088,0.74108028274082,420,14,7272,24240
8192,3,0.1,3,-0.14379551473544286,0.639102766588523,429,17,10378,34593
8192,3,0.1,4,0.04590680205823735,0.7382253212501831,423,15,8510,28367
8192,3,0.1,5,-0.12825624796213034,0.6782250116245448,426,16,9802,32673
8192,3,0.1,6,0.191775372472672,0.741768145369622,420,14,7304,24347
8192,3,0.1,7,-0.03958559330958164,0.7092767512134325,423,15,8495,28317
8192,3,0.1,8,0.05724903054368918,0.7144829553337393,423,15,8460,28200
8192,3,0.1,9,-0.045587950527640114,0.7105340024061775,426,16,9710,32367
8192,3,0.1,10,0.18938050921244082,0.7367359757683922,420,14,7301,24337
8192,3,0.1,11,0.0917104056539642,0.7241645440584246,423,15,8246,27487
8192,3,0.1,12,-0.12381132043920041,0.6343690550788547,429,17,11023,36743
8192,3,0.1,13,0.07833201478119889,0.7233206397195726,423,15,8258,27527
8192,3,0.1,14,0.0724566306654968,0.7100917440666844,423,15,8307,27690
8192,3,0.1,15,0.0642946616354951,0.7183848674344603,423,15,8358,27860
8192,3,0.1,16,0.010434981165188496,0.7335270598528405,423,15,8693,28977
8192,3,0.1,17,-0.11003062957615488,0.6613594208175116,429,17,10902,36340
8192,3,0.1,18,0.18926444228668055,0.7689867439954263,420,14,7242,24140
8192,3,0.1,19,-0.08171991164730785,0.6342562836806851,429,17,10401,34670
8192,3,0.1,20,0.19151571963784964,0.7636341063520578,420,14,7321,24403
8192,3,0.1,21,0.19039395660911776,0.7466068053677288,420,14,7312,24373
8192,3,0.1,22,-0.09508257659577107,0.7154074955824875,426,16,9425,31417
8192,3,0.1,23,0.1906521747028383,0.7748380085040084,420,14,7291,24303
8192,3,0.1,24,-0.14393293208305916,0.6173516295091762,402,17,11477,38257
8192,3,0.1,25,-0.02434271998461833,0.7090883110462988,423,15,8362,27873
8192,3,0.1,26,0.010082208029193105,0.6822884377030408,426,16,9163,30543
8192,3,0.1,27,0.1935007733434952,0.7754522084710671,420,14,7296,24320
8192,3,0.1,28,-0.12374773811826695,0.6700587889172617,426,16,9692,32307
8192,3,0.1,29,-0.19408291810753703,0.6328904693427826,429,17,9923,33077
8192,3,0.15,0,-0.10628527817271784,0.5915632666888658,402,17,10871,36237
8192,3,0.15,1,-0.2545220141156794,0.5933585527581561,402,17,10956,36520
8192,3,0.15,2,-0.26998952535186904,0.6236635882311332,402,17,11150,37167
8192,3,0.15,3,-0.14379551473544286,0.639102766588523,429,17,10378,34593
8192,3,0.15,4,0.04590680205823735,0.7382253212501831,423,15,8510,28367
8192,3,0.15,5,-0.1691760013087444,0.6589387486202647,429,17,10802,36007
8192,3,0.15,6,0.191775372472672,0.741768145369622,420,14,7304,24347
8192,3,0.15,7,-0.1059492817275183,0.6742019065433232,426,16,9457,31523
8192,3,0.15,8,0.05724903054368918,0.7144829553337393,423,15,8460,28200
8192,3,0.15,9,-0.3365251412400633,0.4383542680275624,417,22,16115,53717
8192,3,0.15,10,-0.18833898528206494,0.6110478856112141,429,17,10104,33680
8192,3,0.15,11,-0.18643001840069243,0.5630930175170193,408,19,13136,43787
8192,3,0.15,12,0.010887566487664393,0.6696797963783973,423,15,8195,27317
8192,3,0.15,13,-0.20407342106058204,0.5791387333428396,402,17,11314,37713
8192,3,0.15,14,-0.16042712031166995,0.6355511073324203,429,17,10649,35497
8192,3,0.15,15,-0.027467414462217656,0.6798651530832152,426,16,9461,31537
8192,3,0.15,16,0.010434981165188496,0.7335270598528405,423,15,8693,28977
8192,3,0.15,17,-0.11003062957615488,0.6613594208175116,429,17,10902,36340
8192,3,0.15,18,0.18926444228668055,0.7689867439954263,420,14,7242,24140
8192,3,0.15,19,-0.08171991164730785,0.6342562836806851,429,17,10401,34670
8192,3,0.15,20,-0.04612547869824876,0.692064474570204,423,15,8581,28603
8192,3,0.15,21,0.19039395660911776,0.7466068053677288,420,14,7312,24373
8192,3,0.15,22,-0.236534596083471,0.6042396839489682,405,18,12524,41747
8192,3,0.15,23,-0.05554416553329818,0.6762179703059528,426,16,9716,32387
8192,3,0.15,24,-0.14393293208305916,0.6173516295091762,402,17,11477,38257
8192,3,0.15,25,-0.1686135942131672,0.6265328246276418,429,17,10679,35597
8192,3,0.15,26,0.010082208029193105,0.6822884377030408,426,16,9163,30543
8192,3,0.15,27,0.1935007733434952,0.7754522084710671,420,14,7296,24320
8192,3,0.15,28,-0.146060737591668,0.5920222048509746,402,17,10455,34850
8192,3,0.15,29,-0.19408291810753703,0.6328904693427826,429,17,9923,33077
8192,3,0.2,0,-0.10628527817271784,0.5915632666888658,402,17,10871,36237
8192,3,0.2,1,-0.2545220141156794,0.5933585527581561,402,17,10956,36520
8192,3,0.2,2,-0.26998952535186904,0.6236635882311332,402,17,11150,37167
8192,3,0.2,3,-0.20052649018352964,0.6291202148528415,402,17,11336,37787
8192,3,0.2,4,-0.21639167145136765,0.6709608803180013,426,16,9827,32757
8192,3,0.2,5,-0.3304424888202345,0.5204624017117834,411,20,14825,49417
8192,3,0.2,6,0.191775372472672,0.741768145369622,420,14,7304,24347
8192,3,0.2,7,-0.19678133382760368,0.61473047421879,402,17,11170,37233
8192,3,0.2,8,-0.19608751611683406,0.6125047143394705,402,17,11249,37497
8192,3,0.2,9,-0.3470709774965411,0.4157935432185133,420,23,16951,56503
8192,3,0.2,10,-0.18833898528206494,0.6110478856112141,429,17,10104,33680
8192,3,0.2,11,-0.21859429810659656,0.5368320710893758,411,20,14405,48017
8192,3,0.2,12,-0.29196021436365444,0.5101622472675745,408,19,13062,43540
8192,3,0.2,13,-0.20407342106058204,0.5791387333428396,402,17,11314,37713
8192,3,0.2,14,-0.16042712031166995,0.6355511073324203,429,17,10649,35497
8192,3,0.2,15,-0.10471397004804842,0.6395619073455036,429,17,10813,36043
8192,3,0.2,16,-0.026242520116458116,0.6565116408505465,426,16,9399,31330
8192,3,0.2,17,-0.09403200500560842,0.6813469801627734,426,16,9298,30993
8192,3,0.2,18,-0.014924427595137102,0.7175110290012601,423,15,8322,27740
8192,3,0.2,19,-0.08171991164730785,0.6342562836806851,429,17,10401,34670
8192,3,0.2,20,-0.04612547869824876,0.692064474570204,423,15,8581,28603
8192,3,0.2,21,-0.09155732949232724,0.6770322321936569,426,16,9431,31437
8192,3,0.2,22,-0.23570093233973874,0.5835832073820608,405,18,12387,41290
8192,3,0.2,23,-0.03438150694275899,0.6764963564655899,426,16,9495,31650
8192,3,0.2,24,-0.11600069083816643,0.6799661380314878,426,16,9684,32280
8192,3,0.2,25,-0.1686135942131672,0.6265328246276418,429,17,10679,35597
8192,3,0.2,26,0.010082208029193105,0.6822884377030408,426,16,9163,30543
8192,3,0.2,27,0.05841484343084874,0.732648445339254,423,15,8393,27977
8192,3,0.2,28,-0.20695614041918886,0.5497608855844778,405,18,11896,39653
8192,3,0.2,29,-0.19408291810753703,0.6328904693427826,429,17,9923,33077
8192,3,0.25,0,-0.08187281433658206,0.649787244784733,429,17,10565,35217
8192,3,0.25,1,-0.2633085411781998,0.5964225765383203,402,17,11182,37273
8192,3,0.25,2,-0.3778338811055826,0.44063583574932935,420,23,18433,61443
8192,3,0.25,3,-0.17510340281958134,0.6034317603900743,402,17,10943,36477
8192,3,0.25,4,-0.16600037635504789,0.6355192676720264,429,17,10683,35610
8192,3,0.25,5,-0.3304424888202345,0.5204624017117834,411,20,14825,49417
8192,3,0.25,6,0.04658683877284372,0.7007836063811237,423,15,8456,28187
8192,3,0.25,7,-0.19678133382760368,0.61473047421879,402,17,11170,37233
8192,3,0.25,8,-0.43858755877139166,0.39850630355372746,426,25,20473,68243
8192,3,0.25,9,-0.3574383347767376,0.3742021353678854,423,24,18011,60037
8192,3,0.25,10,-0.18833898528206494,0.6110478856112141,429,17,10104,33680
8192,3,0.25,11,-0.21859429810659656,0.5368320710893758,411,20,14405,48017
8192,3,0.25,12,-0.29738813752248316,0.6001308937202268,405,18,12884,42947
8192,3,0.25,13,-0.20407342106058204,0.5791387333428396,402,17,11314,37713
8192,3,0.25,14,-0.16042712031166995,0.6355511073324203,429,17,10649,35497
8192,3,0.25,15,-0.1657058901524215,0.6367774282176627,402,17,11920,39733
8192,3,0.25,16,-0.026242520116458116,0.6565116408505465,426,16,9399,31330
8192,3,0.25,17,-0.0489364480426354,0.6929041729704007,426,16,9740,32467
8192,3,0.25,18,-0.13833292767360303,0.6465214690551179,429,17,10317,34390
8192,3,0.25,19,-0.08171991164730785,0.6342562836806851,429,17,10401,34670
8192,3,0.25,20,-0.1497535905459201,0.6303139765462248,429,17,10484,34947
8192,3,0.25,21,-0.10770691613445196,0.6927801852235583,426,16,9608,32027
8192,3,0.25,22,-0.23570093233973874,0.5835832073820608,405,18,12387,41290
8192,3,0.25,23,-0.03438150694275899,0.6764963564655899,426,16,9495,31650
8192,3,0.25,24,-0.2096824773518278,0.6170940522246392,402,17,11544,38480
8192,3,0.25,25,-0.31737647983257444,0.5663440091370527,408,19,13898,46327
8192,3,0.25,26,0.010082208029193105,0.6822884377030408,426,16,9163,30543
8192,3,0.25,27,-0.21391966106576638,0.626286965086863,402,17,11425,38083
8192,3,0.25,28,-0.28369854436631237,0.5550855984600659,405,18,12206,40687
8192,3,0.25,29,-0.24836151286568445,0.5535038244194543,408,19,13195,43983
8192,3,0.3,0,-0.08187281433658206,0.649787244784733,429,17,10565,35217
8192,3,0.3,1,-0.2633085411781998,0.5964225765383203,402,17,11182,37273
8192,3,0.3,2,-0.3778338811055826,0.44063583574932935,420,23,18433,61443
8192,3,0.3,3,-0.17510340281958134,0.6034317603900743,402,17,10943,36477
8192,3,0.3,4,-0.16600037635504789,0.6355192676720264,429,17,10683,35610
8192,3,0.3,5,-0.3304424888202345,0.5204624017117834,411,20,14825,49417
8192,3,0.3,6,-0.14110674084158667,0.6341812440155499,402,17,11313,37710
8192,3,0.3,7,-0.19678133382760368,0.61473047421879,402,17,11170,37233
8192,3,0.3,8,-0.393772138084876,0.38846153398507505,426,25,20473,68243
8192,3,0.3,9,-0.3580506224409812,0.37888229064440904,423,24,18152,60507
8192,3,0.3,10,-0.2868302424061132,0.5160612384446127,408,19,12807,42690
8192,3,0.3,11,-0.21859429810659656,0.5368320710893758,411,20,14405,48017
8192,3,0.3,12,-0.3645484932983784,0.537406779172925,408,19,13178,43927
8192,3,0.3,13,-0.27936262614323826,0.5196199882957612,405,18,11885,39617
8192,3,0.3,14,-0.16042712031166995,0.6355511073324203,429,17,10649,35497
8192,3,0.3,15,-0.22817719743551051,0.5822806158003578,408,19,14284,47613
8192,3,0.3,16,-0.16873036461054994,0.6730855112151753,429,17,10710,35700
8192,3,0.3,17,-0.0489364480426354,0.6929041729704007,426,16,9740,32467
8192,3,0.3,18,-0.13833292767360303,0.6465214690551179,429,17,10317,34390
8192,3,0.3,19,-0.13353397048255333,0.5908561441734648,402,17,11115,37050
8192,3,0.3,20,-0.17019491508852072,0.6398097242240564,429,17,10786,35953
8192,3,0.3,21,-0.10770691613445196,0.6927801852235583,426,16,9608,32027
8192,3,0.3,22,-0.23565322937774563,0.5805830187606782,405,18,12381,41270
8192,3,0.3,23,-0.03438150694275899,0.6764963564655899,426,16,9495,31650
8192,3,0.3,24,-0.1992146195229527,0.6125754511844471,402,17,11315,37717
8192,3,0.3,25,-0.31737647983257444,0.5663440091370527,408,19,13898,46327
8192,3,0.3,26,-0.12218385755265553,0.6843325867634877,426,16,9571,31903
8192,3,0.3,27,-0.310535905070709,0.515889896382472,417,22,16602,55340
8192,3,0.3,28,-0.3603044003222581,0.5342822837761327,408,19,13223,44077
8192,3,0.3,29,-0.2965280925929572,0.5217423588161544,408,19,12642,42140
8192,3,0.35,0,-0.35667502001287005,0.48319501028521394,417,22,16642,55473
8192,3,0.35,1,-0.2633085411781998,0.5964225765383203,402,17,11182,37273
8192,3,0.35,2,-0.38268806911898706,0.44087684020210804,420,23,18696,62320
8192,3,0.35,3,-0.24414072701071246,0.5048224087288675,408,19,13161,43870
8192,3,0.35,4,-0.16600037635504789,0.6355192676720264,429,17,10683,35610
8192,3,0.35,5,-0.3474678078716039,0.39473528100367844,420,23,16938,56460
8192,3,0.35,6,-0.14110674084158667,0.6341812440155499,402,17,11313,37710
8192,3,0.35,7,-0.2113907543469253,0.5955428308842109,405,18,12000,40000
8192,3,0.35,8,-0.40653527960159214,0.3131555792097236,402,26,22505,75017
8192,3,0.35,9,-0.3580506224409812,0.37888229064440904,423,24,18152,60507
8192,3,0.35,10,-0.2868302424061132,0.5160612384446127,408,19,12807,42690
8192,3,0.35,11,-0.2547134621018495,0.4794327596770429,417,22,16425,54750
8192,3,0.35,12,-0.3645484932983784,0.537406779172925,408,19,13178,43927
8192,3,0.35,13,-0.27936262614323826,0.5196199882957612,405,18,11885,39617
8192,3,0.35,14,-0.18945408789723545,0.60526524933556,402,17,11162,37207
8192,3,0.35,15,-0.22817719743551051,0.5822806158003578,408,19,14284,47613
8192,3,0.35,16,-0.21373850790802137,0.6338972705139001,402,17,11504,38347
8192,3,0.35,17,-0.3061308417477029,0.5782264993416179,405,18,12804,42680
8192,3,0.35,18,-0.13833292767360303,0.6465214690551179,429,17,10317,34390
8192,3,0.35,19,-0.29593809617948236,0.48067124746473305,414,21,15707,52357
8192,3,0.35,20,-0.20209311816653752,0.6176254862789016,402,17,11376,37920
8192,3,0.35,21,-0.3572831667710425,0.46435036704091703,417,22,16480,54933
8192,3,0.35,22,-0.3471639732930768,0.3441241990313546,429,26,20625,68750
8192,3,0.35,23,-0.291181650859486,0.4971966920612816,414,21,15426,51420
8192,3,0.35,24,-0.21809063946352544,0.5949328799232975,405,18,12114,40380
8192,3,0.35,25,-0.32684866675145724,0.5629310951094539,408,19,14265,47550
8192,3,0.35,26,-0.12218385755265553,0.6843325867634877,426,16,9571,31903
8192,3,0.35,27,-0.2551288520555772,0.5677348890884126,408,19,13303,44343
8192,3,0.35,28,-0.3608900651481561,0.526929379070839,408,19,13289,44297
8192,3,0.35,29,-0.2965280925929572,0.5217423588161544,408,19,12642,42140
8192,3,0.4,0,-0.35667502001287005,0.48319501028521394,417,22,16642,55473
8192,3,0.4,1,-0.35962088256249247,0.4271924160304971,420,23,17427,58090
8192,3,0.4,2,-0.38268806911898706,0.44087684020210804,420,23,18696,62320
8192,3,0.4,3,-0.31978293732054097,0.44674698321099776,420,23,17849,59497
8192,3,0.4,4,-0.16600037635504789,0.6355192676720264,429,17,10683,35610
8192,3,0.4,5,-0.4031860519319911,0.24997128825562756,408,28,24263,80877
8192,3,0.4,6,-0.14110674084158667,0.6341812440155499,402,17,11313,37710
8192,3,0.4,7,-0.31673534482833043,0.4277344611269878,420,23,17644,58813
8192,3,0.4,8,-0.40653527960159214,0.3131555792097236,402,26,22505,75017
8192,3,0.4,9,-0.3580506224409812,0.37888229064440904,423,24,18152,60507
8192,3,0.4,10,-0.2868302424061132,0.5160612384446127,408,19,12807,42690
8192,3,0.4,11,-0.4313299702704856,0.34145271558529944,426,25,19714,65713
8192,3,0.4,12,-0.39097786958845576,0.48400063063723325,414,21,15458,51527
8192,3,0.4,13,-0.3515642302737595,0.4151882830202345,417,22,16224,54080
8192,3,0.4,14,-0.25193343469270374,0.587277776356896,402,17,11117,37057
8192,3,0.4,15,-0.22817719743551051,0.5822806158003578,408,19,14284,47613
8192,3,0.4,16,-0.3506154946415171,0.4870503496181053,414,21,15814,52713
8192,3,0.4,17,-0.3061308417477029,0.5782264993416179,405,18,12804,42680
8192,3,0.4,18,-0.13965075556560438,0.6539171738261308,429,17,10361,34537
8192,3,0.4,19,-0.29593809617948236,0.48067124746473305,414,21,15707,52357
8192,3,0.4,20,-0.20209311816653752,0.6176254862789016,402,17,11376,37920
8192,3,0.4,21,-0.39157980837328044,0.3698922076283539,429,26,21329,71097
8192,3,0.4,22,-0.34838102285293093,0.3875126991860429,429,26,21091,70303
8192,3,0.4,23,-0.30458389293206406,0.4553999162707534,417,22,16495,54983
8192,3,0.4,24,-0.21809063946352544,0.5949328799232975,405,18,12114,40380
8192,3,0.4,25,-0.40305805182622073,0.3231554908123757,405,27,22701,75670
8192,3,0.4,26,-0.12218385755265553,0.6843325867634877,426,16,9571,31903
8192,3,0.4,27,-0.2551288520555772,0.5677348890884126,408,19,13303,44343
8192,3,0.4,28,-0.3608900651481561,0.526929379070839,408,19,13289,44297
8192,3,0.4,29,-0.2965280925929572,0.5217423588161544,408,19,12642,42140
8192,3,0.45,0,-0.3843037882779201,0.4188146230704137,426,25,20062,66873
8192,3,0.45,1,-0.35962088256249247,0.4271924160304971,420,23,17427,58090
8192,3,0.45,2,-0.37984180399032275,0.4466067136069258,420,23,18506,61687
8192,3,0.45,3,-0.37023594718979164,0.42697379284957615,420,23,17944,59813
8192,3,0.45,4,-0.29983980528295917,0.4330976554629068,414,21,15721,52403
8192,3,0.45,5,-0.4040308032354259,0.2466596683737498,408,28,24301,81003
8192,3,0.45,6,-0.36104990631933115,0.4922293635357925,414,21,16030,53433
8192,3,0.45,7,-0.31673534482833043,0.4277344611269878,420,23,17644,58813
8192,3,0.45,8,-0.40990643055820974,0.2779516514968673,405,27,23463,78210
8192,3,0.45,9,-0.43790379346861924,0.2807186624897677,402,26,22386,74620
8192,3,0.45,10,-0.2868302424061132,0.5160612384446127,408,19,12807,42690
8192,3,0.45,11,-0.4313299702704856,0.34145271558529944,426,25,19714,65713
8192,3,0.45,12,-0.39097786958845576,0.48400063063723325,414,21,15458,51527
8192,3,0.45,13,-0.323894820962585,0.3989837839642411,420,23,17933,59777
8192,3,0.45,14,-0.25193343469270374,0.587277776356896,402,17,11117,37057
8192,3,0.45,15,-0.24901222883837654,0.49753014744076696,414,21,15796,52653
8192,3,0.45,16,-0.4423260368368472,0.2332894058940841,411,29,25336,84453
8192,3,0.45,17,-0.3061308417477029,0.5782264993416179,405,18,12804,42680
8192,3,0.45,18,-0.33356404249856547,0.37385887193954337,426,25,19249,64163
8192,3,0.45,19,-0.2701251724757554,0.5024345162687749,411,20,14271,47570
8192,3,0.45,20,-0.20209311816653752,0.6176254862789016,402,17,11376,37920
8192,3,0.45,21,-0.3764862587161144,0.28627587870398896,402,26,21133,70443
8192,3,0.45,22,-0.34838102285293093,0.3875126991860429,429,26,21091,70303
8192,3,0.45,23,-0.4069980154625764,0.4410225908805244,417,22,16660,55533
8192,3,0.45,24,-0.21809063946352544,0.5949328799232975,405,18,12114,40380
8192,3,0.45,25,-0.40305805182622073,0.3231554908123757,405,27,22701,75670
8192,3,0.45,26,-0.12218385755265553,0.6843325867634877,426,16,9571,31903
8192,3,0.45,27,-0.2551288520555772,0.5677348890884126,408,19,13303,44343
8192,3,0.45,28,-0.38452687347439324,0.4649017187291795,414,21,15367,51223
8192,3,0.45,29,-0.2965280925929572,0.5217423588161544,408,19,12642,42140
8192,3,0.5,0,-0.3843037882779201,0.4188146230704137,426,25,20062,66873
8192,3,0.5,1,-0.37324043076111074,0.38637032066674365,426,25,19318,64393
8192,3,0.5,2,-0.43187106782225587,0.3412941984843342,429,26,20838,69460
8192,3,0.5,3,-0.37023594718979164,0.42697379284957615,420,23,17944,59813
8192,3,0.5,4,-0.40531622005035256,0.32199651807868696,402,26,23189,77297
8192,3,0.5,5,-0.39181195612356345,0.290338375522644,402,26,22003,73343
8192,3,0.5,6,-0.3747414921354081,0.47971194741851503,417,22,17362,57873
8192,3,0.5,7,-0.3163155813734462,0.4530982937115988,417,22,17250,57500
8192,3,0.5,8,-0.40990643055820974,0.2779516514968673,405,27,23463,78210
8192,3,0.5,9,-0.40147255944755866,0.29637239976660357,402,26,21836,72787
8192,3,0.5,10,-0.3812969199509747,0.4818550098735252,414,21,14966,49887
8192,3,0.5,11,-0.3445420229543333,0.2804281373112895,402,26,20945,69817
8192,3,0.5,12,-0.40041632624604834,0.4803175146770586,414,21,15397,51323
8192,3,0.5,13,-0.3132136341408008,0.44354841061193984,420,23,17400,58000
8192,3,0.5,14,-0.3094098915707827,0.4989125155008594,411,20,13920,46400
8192,3,0.5,15,-0.23833577898570654,0.48248597340589405,414,21,15367,51223
8192,3,0.5,16,-0.4420365046890971,0.22285677913996832,411,29,25123,83743
8192,3,0.5,17,-0.39137261111412136,0.4155428414890728,426,25,20785,69283
8192,3,0.5,18,-0.33284526547997656,0.38298150834066064,426,25,19254,64180
8192,3,0.5,19,-0.30071374210555024,0.4460051031960679,417,22,16273,54243
8192,3,0.5,20,-0.20209311816653752,0.6176254862789016,402,17,11376,37920
8192,3,0.5,21,-0.40607985610457853,0.4715675493927739,420,23,18373,61243
8192,3,0.5,22,-0.3880897819884006,0.29936410886852194,402,26,20926,69753
8192,3,0.5,23,-0.4165597505488511,0.40546444830592454,420,23,18080,60267
8192,3,0.5,24,-0.21809063946352544,0.5949328799232975,405,18,12114,40380
8192,3,0.5,25,-0.4040292920792518,0.3316102876953007,405,27,22940,76467
8192,3,0.5,26,-0.3229399078919148,0.4386331064474982,417,22,17106,57020
8192,3,0.5,27,-0.31287580181410224,0.5161141272976393,417,22,16673,55577
8192,3,0.5,28,-0.38452687347439324,0.4649017187291795,414,21,15367,51223
8192,3,0.5,29,-0.2965280925929572,0.5217423588161544,408,19,12642,42140
8192,3,0.55,0,-0.4114083524074599,0.22456580327981315,417,31,26653,88843
8192,3,0.55,1,-0.4245763430696137,0.3662043348369157,426,25,19218,64060
8192,3,0.55,2,-0.4463279718290461,0.10485832410421544,426,34,28832,96107
8192,3,0.55,3,-0.39932363072457167,0.2592090359848256,408,28,23097,76990
8192,3,0.55,4,-0.40298714686044973,0.31820139821897636,402,26,22859,76197
8192,3,0.55,5,-0.4012482063465688,0.22429584871755873,408,28,24154,80513
8192,3,0.55,6,-0.3731765849772696,0.46400432564195715,417,22,17196,57320
8192,3,0.55,7,-0.3769908831004424,0.26195881252354275,414,30,26123,87077
8192,3,0.55,8,-0.4739210138728389,-0.14461002895663783,402,44,42769,142563
8192,3,0.55,9,-0.40147255944755866,0.29637239976660357,402,26,21836,72787
8192,3,0.55,10,-0.3812969199509747,0.4818550098735252,414,21,14966,49887
8192,3,0.55,11,-0.3445420229543333,0.2804281373112895,402,26,20945,69817
8192,3,0.55,12,-0.47505247115322463,0.3018628738552859,408,28,24017,80057
8192,3,0.55,13,-0.3132136341408008,0.44354841061193984,420,23,17400,58000
8192,3,0.55,14,-0.39959651758606957,0.26462416460209237,408,28,24152,80507
8192,3,0.55,15,-0.3604743458849263,0.176078775038481,420,32,28964,96547
8192,3,0.55,16,-0.44328658653336933,0.16541174795262228,417,31,26880,89600
8192,3,0.55,17,-0.4527259163879998,0.21160913219730332,417,31,27995,93317
8192,3,0.55,18,-0.33284526547997656,0.38298150834066064,426,25,19254,64180
8192,3,0.55,19,-0.3035767688964864,0.43946898289667535,420,23,16816,56053
8192,3,0.55,20,-0.20209311816653752,0.6176254862789016,402,17,11376,37920
8192,3,0.55,21,-0.4182449620622169,0.4159155641603561,426,25,20586,68620
8192,3,0.55,22,-0.4373343286481066,0.31084307216457685,402,26,21438,71460
8192,3,0.55,23,-0.4165597505488511,0.40546444830592454,420,23,18080,60267
8192,3,0.55,24,-0.3194483781551095,0.453135893823205,420,23,17673,58910
8192,3,0.55,25,-0.4028413703719298,0.31846385471809,405,27,22710,75700
8192,3,0.55,26,-0.3647829521265643,0.34656554195341477,429,26,21691,72303
8192,3,0.55,27,-0.36407224422026785,0.33673535923620074,402,26,22224,74080
8192,3,0.55,28,-0.38452687347439324,0.4649017187291795,414,21,15367,51223
8192,3,0.55,29,-0.4715828908722433,0.19614819974072967,420,32,28758,95860
8192,3,0.6,0,-0.4205007063306194,0.14586427849871222,426,34,30410,101367
8192,3,0.6,1,-0.4862727177104621,0.2039260333084255,411,29,25215,84050
8192,3,0.6,2,-0.44781131905335386,-0.06373281668516068,423,42,38116,127053
8192,3,0.6,3,-0.40752917996743027,0.2364150580999315,411,29,24674,82247
8192,3,0.6,4,-0.4010770895292479,0.3165682316456159,402,26,22567,75223
8192,3,0.6,5,-0.412853842954436,0.11106232635220717,423,33,28873,96243
8192,3,0.6,6,-0.42471754922143967,0.12483016143046492,429,35,31301,104337
8192,3,0.6,7,-0.4478091144804291,0.13933195382663574,420,32,27614,92047
8192,3,0.6,8,-0.4739210138728389,-0.14461002895663783,402,44,42769,142563
8192,3,0.6,9,-0.42572881655754763,0.04072018534974279,411,38,35808,119360
8192,3,0.6,10,-0.4368676532491223,0.2569868344694657,402,26,20554,68513
8192,3,0.6,11,-0.36642296789837353,0.19015753006829506,414,30,25023,83410
8192,3,0.6,12,-0.47687253659762335,0.26165985214930676,414,30,26214,87380
8192,3,0.6,13,-0.41859640816927596,0.09842849230392264,402,35,32205,107350
8192,3,0.6,14,-0.4130602080177066,0.1304488623385056,426,34,29767,99223
8192,3,0.6,15,-0.38029758059713464,-0.07903273738238333,429,44,41887,139623
8192,3,0.6,16,-0.44328658653336933,0.16541174795262228,417,31,26880,89600
8192,3,0.6,17,-0.45193909671248017,0.06245576233268638,405,36,32842,109473
8192,3,0.6,18,-0.3841802506284228,0.17325677937596742,420,32,27807,92690
8192,3,0.6,19,-0.4169798583083107,0.19631555728500272,417,31,27549,91830
8192,3,0.6,20,-0.41825538268690743,0.18522582515582472,423,33,29521,98403
8192,3,0.6,21,-0.4445359443356842,-0.15069252704403127,402,44,41989,139963
8192,3,0.6,22,-0.4453639587851788,0.3015079436729724,408,28,24412,81373
8192,3,0.6,23,-0.4165597505488511,0.40546444830592454,420,23,18080,60267
8192,3,0.6,24,-0.3194483781551095,0.453135893823205,420,23,17673,58910
8192,3,0.6,25,-0.4064686494212859,0.32377952078966166,405,27,23209,77363
8192,3,0.6,26,-0.36785850292959815,0.31646911919044773,402,26,22225,74083
8192,3,0.6,27,-0.36407224422026785,0.33673535923620074,402,26,22224,74080
8192,3,0.6,28,-0.47879422656680865,0.033234761182208354,405,36,32441,108137
8192,3,0.6,29,-0.4714304750383588,0.0882656502534356,402,35,32932,109773
8192,3,0.65,0,-0.42517679373767625,0.08906004138957474,402,35,32508,108360
8192,3,0.65,1,-0.48361529570945694,0.006836021788707183,408,37,34155,113850
8192,3,0.65,2,-0.44060205556901266,-0.191569962195529,411,47,44640,148800
8192,3,0.65,3,-0.4250322451659162,0.05828490511925281,402,35,32677,108923
8192,3,0.65,4,-0.41516733626801,0.16548493961124686,420,32,27955,93183
8192,3,0.65,5,-0.4801189805967145,0.014630553996308786,408,37,34319,114397
8192,3,0.65,6,-0.42378499572431766,-0.10968015406170394,402,44,41681,138937
8192,3,0.65,7,-0.478363982705397,0.1361758877988876,429,35,31781,105937
8192,3,0.65,8,-0.4739210138728389,-0.14461002895663783,402,44,42769,142563
8192,3,0.65,9,-0.42572881655754763,0.04072018534974279,411,38,35808,119360
8192,3,0.65,10,-0.44550168903996906,0.19826976738194013,411,29,24127,80423
8192,3,0.65,11,-0.40288121457237347,0.25893326191705185,408,28,23916,79720
8192,3,0.65,12,-0.47461733912384,0.058698741604257726,408,37,34368,114560
8192,3,0.65,13,-0.4172795218833247,0.0985481232048211,402,35,32024,106747
8192,3,0.65,14,-0.4130602080177066,0.1304488623385056,426,34,29767,99223
8192,3,0.65,15,-0.37571564169853877,-0.1339116273405242,402,44,42610,142033
8192,3,0.65,16,-0.44328658653336933,0.16541174795262228,417,31,26880,89600
8192,3,0.65,17,-0.4532165166613015,0.16320674747918865,426,34,30789,102630
8192,3,0.65,18,-0.44666054398022387,-0.12180208156986976,405,45,44386,147953
8192,3,0.65,19,-0.4169798583083107,0.19631555728500272,417,31,27549,91830
8192,3,0.65,20,-0.4146878186785982,0.14394831834018249,423,33,28397,94657
8192,3,0.65,21,-0.4445359443356842,-0.15069252704403127,402,44,41989,139963
8192,3,0.65,22,-0.4453639587851788,0.3015079436729724,408,28,24412,81373
8192,3,0.65,23,-0.4165597505488511,0.40546444830592454,420,23,18080,60267
8192,3,0.65,24,-0.35864713061098497,0.3228778269721493,402,26,22171,73903
8192,3,0.65,25,-0.4052763500419162,0.3106846661364505,405,27,22979,76597
8192,3,0.65,26,-0.4587149633753155,0.0012699022128988863,417,40,38651,128837
8192,3,0.65,27,-0.4184352420016166,0.0693619180120329,402,35,31735,105783
8192,3,0.65,28,-0.4784446324900034,0.029234074782624575,405,36,32331,107770
8192,3,0.65,29,-0.47233799794363507,0.06260984322793597,402,35,32711,109037
8192,3,0.7,0,-0.42517679373767625,0.08906004138957474,402,35,32508,108360
8192,3,0.7,1,-0.48684311298663063,0.04404456560679482,402,35,32067,106890
8192,3,0.7,2,-0.44086881209861406,-0.1880756615164472,411,47,45344,151147
8192,3,0.7,3,-0.42485824777559117,0.16534839166700627,420,32,29263,97543
8192,3,0.7,4,-0.4229494109334918,0.07596461502398816,402,35,32919,109730
8192,3,0.7,5,-0.4488571119519072,-0.12368358030148566,402,44,43574,145247
8192,3,0.7,6,-0.42553734735646753,0.0843877727684677,402,35,32130,107100
8192,3,0.7,7,-0.47902236629421896,0.1194540274959965,429,35,31609,105363
8192,3,0.7,8,-0.4739210138728389,-0.14461002895663783,402,44,42769,142563
8192,3,0.7,9,-0.42404797366361563,-0.09939283070043806,402,44,43217,144057
8192,3,0.7,10,-0.44602745964943596,0.17588589804127708,411,29,24053,80177
8192,3,0.7,11,-0.420087288747972,0.02920893156190409,408,37,33722,112407
8192,3,0.7,12,-0.47461733912384,0.058698741604257726,408,37,34368,114560
8192,3,0.7,13,-0.4482909169852132,0.021317699346968328,420,41,39618,132060
8192,3,0.7,14,-0.41721638817846735,0.09646491125637491,429,35,30989,103297
8192,3,0.7,15,-0.37720018607924116,-0.1294176691392323,402,44,43139,143797
8192,3,0.7,16,-0.4413449582156426,0.16701104870420755,417,31,26205,87350
8192,3,0.7,17,-0.4544930407769298,0.0771024924720406,408,37,35630,118767
8192,3,0.7,18,-0.46736405861937036,-0.1942451874011824,414,48,46680,155600
8192,3,0.7,19,-0.44589618705401607,-0.10759002474898641,402,44,42942,143140
8192,3,0.7,20,-0.4146878186785982,0.14394831834018249,423,33,28397,94657
8192,3,0.7,21,-0.431260181809846,-0.2873372747623723,402,53,52861,176203
8192,3,0.7,22,-0.4453639587851788,0.3015079436729724,408,28,24412,81373
8192,3,0.7,23,-0.45012815053710015,0.1811247024245291,420,32,29006,96687
8192,3,0.7,24,-0.39167592008241825,0.08484762479475487,402,35,32307,107690
8192,3,0.7,25,-0.4439432982806913,0.10377771403013135,402,35,32312,107707
8192,3,0.7,26,-0.4577408267601715,0.009838212493976754,417,40,38545,128483
8192,3,0.7,27,-0.4511088285139476,-0.030278820545010188,420,41,37747,125823
8192,3,0.7,28,-0.47549872057140896,-0.03040282768793639,420,41,38094,126980
8192,3,0.7,29,-0.47370471576310763,0.14478413986902053,423,33,29597,98657
8192,3,0.75,0,-0.42780382183870236,-0.06235410014402105,426,43,40200,134000
8192,3,0.75,1,-0.46315086614327056,-0.2552332847062348,429,53,51710,172367
8192,3,0.75,2,-0.4319012157226954,-0.30046716311555943,402,53,52243,174143
8192,3,0.75,3,-0.4040148220894905,0.2582850735212262,405,27,22936,76453
8192,3,0.75,4,-0.4258035147198388,-0.06954173148851622,426,43,41061,136870
8192,3,0.75,5,-0.4157183077277915,-0.3559404569632509,402,62,65731,219103
8192,3,0.75,6,-0.42810817067503937,-0.060037033902572264,426,43,40340,134467
8192,3,0.75,7,-0.47902236629421896,0.1194540274959965,429,35,31609,105363
8192,3,0.75,8,-0.47371451769651296,-0.15086124731472242,405,45,44473,148243
8192,3,0.75,9,-0.4474830248844759,-0.09085754221601335,402,44,43450,144833
8192,3,0.75,10,-0.45580909534525577,-0.04150736131606511,429,44,43402,144673
8192,3,0.75,11,-0.4207047570905704,-0.1473699235795719,402,44,41930,139767
8192,3,0.75,12,-0.47286523768298994,-0.008275336527490199,414,39,34894,116313
8192,3,0.75,13,-0.42036475653528654,-0.1788479405593743,411,47,45395,151317
8192,3,0.75,14,-0.41721638817846735,0.09646491125637491,429,35,30989,103297
8192,3,0.75,15,-0.3721077628191499,-0.25661561795599686,402,53,53633,178777
8192,3,0.75,16,-0.4479004569337438,-0.09207113754512179,426,43,40454,134847
8192,3,0.75,17,-0.4544930407769298,0.0771024924720406,408,37,35630,118767
8192,3,0.75,18,-0.4334853133143327,-0.363418477385974,402,62,64251,214170
8192,3,0.75,19,-0.47096203686296106,-0.16470365301051126,405,45,45157,150523
8192,3,0.75,20,-0.41913521313610974,0.07818201700503752,402,35,31735,105783
8192,3,0.75,21,-0.44693181570237955,0.006671986291246865,411,38,34373,114577
8192,3,0.75,22,-0.4541479284441329,0.11292942887482271,402,35,33183,110610
8192,3,0.75,23,-0.4499796856326531,0.07641120791696765,402,35,32778,109260
8192,3,0.75,24,-0.4874507935795155,0.30775447577614296,402,26,22010,73367
8192,3,0.75,25,-0.446626600760958,0.05198403623293699,405,36,33289,110963
8192,3,0.75,26,-0.47910503698188844,0.00625402869801365,417,40,38111,127037
8192,3,0.75,27,-0.4511088285139476,-0.030278820545010188,420,41,37747,125823
8192,3,0.75,28,-0.4768128767707468,-0.011693492497356904,420,41,39575,131917
8192,3,0.75,29,-0.47367483984554276,0.11561124066630572,429,35,31937,106457
8192,3,0.8,0,-0.45472332923527037,-0.020561343023596915,426,43,41260,137533
8192,3,0.8,1,-0.4642619340425294,-0.2513198747859063,429,53,52228,174093
8192,3,0.8,2,-0.43144687607555093,-0.31598996783897865,405,54,53500,178333
8192,3,0.8,3,-0.42652311473639487,0.10590846022299542,429,35,31917,106390
8192,3,0.8,4,-0.42750106445251645,-0.06964308103866534,426,43,41370,137900
8192,3,0.8,5,-0.3848408238126296,-0.45683731567143754,417,76,79818,266060
8192,3,0.8,6,-0.4439583688910392,-0.12422020385711574,402,44,41623,138743
8192,3,0.8,7,-0.46749519833244807,-0.15806339099295108,402,44,41886,139620
8192,3,0.8,8,-0.47371451769651296,-0.15086124731472242,405,45,44473,148243
8192,3,0.8,9,-0.428150867235345,-0.28079756429645486,414,57,58721,195737
8192,3,0.8,10,-0.45675850027705517,-0.30848534248518944,408,55,55137,183790
8192,3,0.8,11,-0.4189436600557569,-0.12760709027079128,402,44,41616,138720
8192,3,0.8,12,-0.448358080237231,-0.2679324521383004,402,53,53134,177113
8192,3,0.8,13,-0.4418602912252322,-0.08247044343905438,402,44,42721,142403
8192,3,0.8,14,-0.4208811966221438,-0.09230759568664251,402,44,43968,146560
8192,3,0.8,15,-0.42923345239744565,0.024022781936682315,414,39,37711,125703
8192,3,0.8,16,-0.44298974414147224,-0.17521496803688016,402,44,41681,138937
8192,3,0.8,17,-0.448507953968596,-0.09655880007459557,402,44,43232,144107
8192,3,0.8,18,-0.4259381451972935,-0.4043797505482208,417,67,68912,229707
8192,3,0.8,19,-0.4528831355483259,-0.30452692515358626,405,54,54091,180303
8192,3,0.8,20,-0.4172442402913686,0.040947264595568515,402,35,30644,102147
8192,3,0.8,21,-0.4430978539713208,-0.12958092307405686,405,45,43374,144580
8192,3,0.8,22,-0.42108124082900417,-0.10826927117627355,402,44,43172,143907
8192,3,0.8,23,-0.45115403202271886,0.09676154042970396,402,35,33355,111183
8192,3,0.8,24,-0.48296706359266683,-0.030790806707131396,414,39,35956,119853
8192,3,0.8,25,-0.44536954982355886,-0.04571298446790267,429,44,41873,139577
8192,3,0.8,26,-0.4622262762855395,-0.1973093637917697,426,52,51717,172390
8192,3,0.8,27,-0.45213412112844426,-0.006805093887003525,414,39,35823,119410
8192,3,0.8,28,-0.47845257738947267,-0.033304980295168915,420,41,40338,134460
8192,3,0.8,29,-0.46892285196499783,-0.058132706873882514,426,43,41445,138150
8192,3,0.85,0,-0.4504016509794172,-0.25209421249360675,414,57,59438,198127
8192,3,0.85,1,-0.4575092015274163,-0.29134467033846456,402,53,53699,178997
8192,3,0.85,2,-0.4135468133014516,-0.39395918244511113,402,62,63280,210933
8192,3,0.85,3,-0.4297578538195144,-0.3762206732378308,402,62,64380,214600
8192,3,0.85,4,-0.4228275219104761,-0.4021171479895931,429,71,74896,249653
8192,3,0.85,5,-0.36881900159230235,-0.44062704227469585,417,85,90001,300003
8192,3,0.85,6,-0.43200549760309365,-0.31044889014569443,408,55,55548,185160
8192,3,0.85,7,-0.4427236634407791,-0.3562722060983018,426,61,61670,205567
8192,3,0.85,8,-0.41149422805384056,-0.4508750808091824,402,71,75534,251780
8192,3,0.85,9,-0.41429192466048154,-0.35697086261801575,402,62,64558,215193
8192,3,0.85,10,-0.3836524153534853,-0.44764596174156746,402,80,86156,287187
8192,3,0.85,11,-0.406011225858604,-0.3062854772826332,414,57,56323,187743
8192,3,0.85,12,-0.4099337231026806,-0.4674478432492179,402,71,73690,245633
8192,3,0.85,13,-0.4324652937756788,-0.26791617805228535,402,53,53566,178553
8192,3,0.85,14,-0.41487527757580445,-0.37068834861901884,402,62,63674,212247
8192,3,0.85,15,-0.42923345239744565,0.024022781936682315,414,39,37711,125703
8192,3,0.85,16,-0.42935278082761597,-0.3244578473111286,402,53,51236,170787
8192,3,0.85,17,-0.44319512333782296,-0.31263157128350605,417,58,57882,192940
8192,3,0.85,18,-0.3750005314936439,-0.4409141022955192,405,81,86142,287140
8192,3,0.85,19,-0.42408230930650154,-0.36186153938918947,417,67,70877,236257
8192,3,0.85,20,-0.4220650143223765,-0.35806917392328347,417,58,56644,188813
8192,3,0.85,21,-0.4295035030973705,-0.3312549221085139,408,55,53464,178213
8192,3,0.85,22,-0.418614032368834,-0.20861424710120388,417,49,47168,157227
8192,3,0.85,23,-0.4135727963830481,-0.3714945919039263,402,62,65724,219080
8192,3,0.85,24,-0.43690371372393594,-0.3646548216909527,402,62,65480,218267
8192,3,0.85,25,-0.3563216172646407,-0.4599708978672286,402,80,82095,273650
8192,3,0.85,26,-0.4488477165895881,-0.29695573146867055,408,55,54775,182583
8192,3,0.85,27,-0.4130881680678555,-0.3728855386773826,402,62,62297,207657
8192,3,0.85,28,-0.45457446283266967,-0.26280618599369865,402,53,56300,187667
8192,3,0.85,29,-0.47227674350510107,0.06945377652658241,402,35,33540,111800
8192,3,0.9,0,-0.45083231622086,-0.23524385797423103,414,57,60641,202137
8192,3,0.9,1,-0.46365357540387186,-0.22788667717655947,429,53,53007,176690
8192,3,0.9,2,-0.39047634815097637,-0.4568784112582091,402,71,73747,245823
8192,3,0.9,3,-0.3768965129442009,-0.44655732233084655,402,80,86962,289873
8192,3,0.9,4,-0.370704626792382,-0.45006354445933766,423,87,93437,311457
8192,3,0.9,5,-0.36953529806531626,-0.42956442677262796,417,85,90877,302923
8192,3,0.9,6,-0.3835810098426077,-0.43054460228537855,420,77,81597,271990
8192,3,0.9,7,-0.3736658786317612,-0.4549394642630879,405,81,86801,289337
8192,3,0.9,8,-0.4052836986395658,-0.46957625352963256,417,76,81308,271027
8192,3,0.9,9,-0.3654332462155975,-0.42501108000085186,429,89,96270,320900
8192,3,0.9,10,-0.3822675477081577,-0.45015778045078503,402,80,86250,287500
8192,3,0.9,11,-0.4217782536932129,-0.42449036176570754,414,66,66804,222680
8192,3,0.9,12,-0.3960875892995369,-0.4227501626253131,426,79,83007,276690
8192,3,0.9,13,-0.4130023614493632,-0.3941338643822228,402,62,63283,210943
8192,3,0.9,14,-0.32860610189405903,-0.42302452212287367,402,89,97194,323980
8192,3,0.9,15,-0.3511736693287313,-0.4054098032391811,417,85,91926,306420
8192,3,0.9,16,-0.42535241042164085,-0.3250176590118933,417,58,58232,194107
8192,3,0.9,17,-0.42752084490426145,-0.374115218237954,408,64,66972,223240
8192,3,0.9,18,-0.3750005314936439,-0.4409141022955192,405,81,86142,287140
8192,3,0.9,19,-0.37412795659478765,-0.4222977759086564,405,81,86292,287640
8192,3,0.9,20,-0.3851967024478188,-0.4446015230232214,405,72,74437,248123
8192,3,0.9,21,-0.40666936756467315,-0.3787926889771374,414,66,66996,223320
8192,3,0.9,22,-0.37098037424146624,-0.4287969811347742,402,71,74551,248503
8192,3,0.9,23,-0.3593471091620814,-0.42235479040942486,402,80,85967,286557
8192,3,0.9,24,-0.4364303709005119,-0.36105786514746213,402,62,65394,217980
8192,3,0.9,25,-0.3519925542010258,-0.44705405196740816,411,83,85916,286387
8192,3,0.9,26,-0.37628906308036403,-0.45489733616044953,402,80,83930,279767
8192,3,0.9,27,-0.38839505903421895,-0.40983908842227523,402,71,72828,242760
8192,3,0.9,28,-0.40249078766130475,-0.4639935566999281,414,75,78679,262263
8192,3,0.9,29,-0.44039309663498966,-0.32756896397619883,420,59,59138,197127
8192,3,0.95,0,-0.4099676046235503,-0.4074780992666257,402,71,76957,256523
8192,3,0.95,1,-0.4368805502899821,-0.3905852346219617,402,62,64500,215000
8192,3,0.95,2,-0.3618648512803441,-0.46037513666172186,402,80,83198,277327
8192,3,0.95,3,-0.3766439549746092,-0.4577587716483276,402,80,84714,282380
8192,3,0.95,4,-0.3001303048259134,-0.3485499203721412,411,101,108386,361287
8192,3,0.95,5,-0.3018309050255317,-0.3638349426016601,402,98,105634,352113
8192,3,0.95,6,-0.28399073896530047,-0.3322221072877777,402,98,105852,352840
8192,3,0.95,7,-0.2898607823114634,-0.3306772382714002,426,106,115480,384933
8192,3,0.95,8,-0.3767753771454041,-0.49519641614449494,417,85,89117,297057
8192,3,0.95,9,-0.2471416011113616,-0.2518545821765833,411,110,120715,402383
8192,3,0.95,10,-0.3468839741424035,-0.40047922915494466,402,89,96091,320303
8192,3,0.95,11,-0.3383132278393188,-0.4381457150350814,402,89,94728,315760
8192,3,0.95,12,-0.34059191352584856,-0.38651344857754966,411,92,100631,335437
8192,3,0.95,13,-0.4101641667965183,-0.4173668286166152,408,64,64801,216003
8192,3,0.95,14,-0.3798021221123783,-0.4379114712170608,402,80,85616,285387
8192,3,0.95,15,-0.3861487084554933,-0.40381137840855896,405,72,77572,258573
8192,3,0.95,16,-0.38141884126696585,-0.4560698259609864,417,76,79532,265107
8192,3,0.95,17,-0.24936838514490176,-0.26136594742277036,402,107,113278,377593
8192,3,0.95,18,-0.3356479582528,-0.3985913411294095,420,95,101052,336840
8192,3,0.95,19,-0.17943167628863566,-0.06839091195528481,408,118,129021,430070
8192,3,0.95,20,-0.3105048866813803,-0.4094477759177609,429,98,103481,344937
8192,3,0.95,21,-0.32317034323666727,-0.43516154314646505,402,89,95345,317817
8192,3,0.95,22,-0.34201058920533267,-0.41994155925903764,402,80,86387,287957
8192,3,0.95,23,-0.3455950349377912,-0.41538705577935897,402,89,95940,319800
8192,3,0.95,24,-0.3476827617419805,-0.44320753947663505,402,89,95603,318677
8192,3,0.95,25,-0.2811677783953329,-0.35309203047446164,402,98,104611,348703
8192,3,0.95,26,-0.30352818401585735,-0.377835311959648,402,98,104882,349607
8192,3,0.95,27,-0.34037692751623866,-0.4441649606128451,405,90,94512,315040
8192,3,0.95,28,-0.3700283807818677,-0.44567522285777583,402,71,73886,246287
8192,3,0.95,29,-0.340201384943888,-0.42267373923349905,402,89,94675,315583
8192,3,1.0,0,0.1409451784443868,0.3238116836783102,402,134,147698,492327
8192,3,1.0,1,0.14108588628242752,0.30492609265568665,402,134,147041,490137
8192,3,1.0,2,0.14492063116933854,0.31510097801596115,402,134,144494,481647
8192,3,1.0,3,0.14800148241490804,0.3346156382460268,402,134,147943,493143
8192,3,1.0,4,0.14891831169578748,0.31018905226907395,402,134,147409,491363
8192,3,1.0,5,0.12682286480402533,0.33212713212932415,402,134,146688,488960
8192,3,1.0,6,0.15367141516362043,0.3620103051700892,402,134,146476,488253
8192,3,1.0,7,0.1316365630163176,0.32844863136290864,402,134,150374,501247
8192,3,1.0,8,0.13833787773213213,0.3162923023742704,402,134,148702,495673
8192,3,1.0,9,0.1471580790855028,0.32149616791002333,402,134,147659,492197
8192,3,1.0,10,0.11939749763343992,0.3266164443147651,402,134,147861,492870
8192,3,1.0,11,0.16528820609502512,0.3123284643648741,402,134,147438,491460
8192,3,1.0,12,0.10778988264631773,0.30601657317558917,402,134,150955,503183
8192,3,1.0,13,0.13711317760591635,0.30428163923456375,402,134,147598,491993
8192,3,1.0,14,0.1438297482444071,0.312447061268794,402,134,149217,497390
8192,3,1.0,15,0.13784333819164604,0.3336433191101335,402,134,146533,488443
8192,3,1.0,16,0.15429930767794572,0.3035257853358443,402,134,147524,491747
8192,3,1.0,17,0.14099038622777152,0.34584781283168764,402,134,148697,495657
8192,3,1.0,18,0.12055733382956538,0.31678909401372285,402,134,148830,496100
8192,3,1.0,19,0.1211359340843049,0.35146225641407963,402,134,147282,490940
8192,3,1.0,20,0.15435284311483038,0.3024460544480558,402,134,148185,493950
8192,3,1.0,21,0.14592217157311815,0.31479821509988287,402,134,150974,503247
8192,3,1.0,22,0.1564249328929015,0.2909401267189503,402,134,146850,489500
8192,3,1.0,23,0.1534375708908554,0.3233948455699096,402,134,146755,489183
8192,3,1.0,24,0.12992721675030977,0.3086582560468541,402,134,147619,492063
8192,3,1.0,25,0.17247145919996065,0.31900933734761416,402,134,147279,490930
8192,3,1.0,26,0.15693944292159306,0.32871467063172616,402,134,148906,496353
8192,3,1.0,27,0.14874322635499831,0.29094088489501413,402,134,149381,497937
8192,3,1.0,28,0.15526983700493086,0.3056678467148223,402,134,147947,493157
8192,3,1.0,29,0.14972955760407478,0.34243210520918943,402,134,148498,494993
8192,2,0.0,0,0.18736276598499174,0.7243485692617073,420,14,7376,24587
8192,2,0.0,1,0.19327279496462593,0.7624239525483002,420,14,7318,24393
8192,2,0.0,2,0.19199291639240088,0.74108028274082,420,14,7272,24240
8192,2,0.0,3,0.19131204179486377,0.7453837796472147,420,14,7293,24310
8192,2,0.0,4,0.1927374474691474,0.7809824119860697,420,14,7338,24460
8192,2,0.0,5,0.18757590085612288,0.7402257641993188,420,14,7271,24237
8192,2,0.0,6,0.191775372472672,0.741768145369622,420,14,7304,24347
8192,2,0.0,7,0.19319120255468913,0.7586618275648096,420,14,7310,24367
8192,2,0.0,8,0.19084120633699878,0.7506043454455564,420,14,7370,24567
8192,2,0.0,9,0.19242317412221405,0.7712266235778116,420,14,7343,24477
8192,2,0.0,10,0.18938050921244082,0.7367359757683922,420,14,7301,24337
8192,2,0.0,11,0.19385805937035444,0.7535011455828402,420,14,7304,24347
8192,2,0.0,12,0.18790228830697964,0.7263066538763641,420,14,7316,24387
8192,2,0.0,13,0.19038810570080836,0.7720303430067171,420,14,7302,24340
8192,2,0.0,14,0.19235199427994587,0.7638728076322812,420,14,7306,24353
8192,2,0.0,15,0.19367158111547306,0.7614413938110172,420,14,7293,24310
8192,2,0.0,16,0.1921714753678692,0.7806873741196898,420,14,7308,24360
8192,2,0.0,17,0.18985419455190308,0.7131972458150433,420,14,7283,24277
8192,2,0.0,18,0.18926444228668055,0.7689867439954263,420,14,7242,24140
8192,2,0.0,19,0.18941277236841664,0.7292016380988365,420,14,7242,24140
8192,2,0.0,20,0.19151571963784964,0.7636341063520578,420,14,7321,24403
8192,2,0.0,21,0.19039395660911776,0.7466068053677288,420,14,7312,24373
8192,2,0.0,22,0.1901191854849615,0.7746770347088363,420,14,7270,24233
8192,2,0.0,23,0.1906521747028383,0.7748380085040084,420,14,7291,24303
8192,2,0.0,24,0.18885814640591742,0.7291041230610137,420,14,7337,24457
8192,2,0.0,25,0.19090897176084226,0.7642849197618107,420,14,7301,24337
8192,2,0.0,26,0.19178613498680583,0.7459517077555833,420,14,7235,24117
8192,2,0.0,27,0.1935007733434952,0.7754522084710671,420,14,7296,24320
8192,2,0.0,28,0.1717084055937767,0.7390172996629164,420,14,6778,22593
8192,2,0.0,29,0.16970744335331106,0.7302407198056519,420,14,6812,22707
8192,2,0.05,0,0.08550559680010239,0.7153839671588744,422,15,8270,27567
8192,2,0.05,1,-0.15446784191374785,0.6652384433134888,426,17,10226,34087
8192,2,0.05,2,0.19199291639240088,0.74108028274082,420,14,7272,24240
8192,2,0.05,3,0.058557500658166874,0.6974748355832063,422,15,8328,27760
8192,2,0.05,4,0.046606587147274045,0.7364960426944841,422,15,8443,28143
8192,2,0.05,5,0.0908399133497734,0.6888231161744361,422,15,8168,27227
8192,2,0.05,6,0.191775372472672,0.741768145369622,420,14,7304,24347
8192,2,0.05,7,0.19319120255468913,0.7586618275648096,420,14,7310,24367
8192,2,0.05,8,0.19084120633699878,0.7506043454455564,420,14,7370,24567
8192,2,0.05,9,0.19242317412221405,0.7712266235778116,420,14,7343,24477
8192,2,0.05,10,0.18938050921244082,0.7367359757683922,420,14,7301,24337
8192,2,0.05,11,0.08129925001040664,0.7274534875105302,422,15,8260,27533
8192,2,0.05,12,0.18790228830697964,0.7263066538763641,420,14,7316,24387
8192,2,0.05,13,0.19038810570080836,0.7720303430067171,420,14,7302,24340
8192,2,0.05,14,0.19235199427994587,0.7638728076322812,420,14,7306,24353
8192,2,0.05,15,-0.02140723723690152,0.6674787430176334,424,16,9342,31140
8192,2,0.05,16,0.025439199708057983,0.7162678621554595,422,15,7896,26320
8192,2,0.05,17,-0.21824279288467546,0.6841755112500321,426,17,10963,36543
8192,2,0.05,18,0.18926444228668055,0.7689867439954263,420,14,7242,24140
8192,2,0.05,19,0.18941277236841664,0.7292016380988365,420,14,7242,24140
8192,2,0.05,20,0.19151571963784964,0.7636341063520578,420,14,7321,24403
8192,2,0.05,21,0.19039395660911776,0.7466068053677288,420,14,7312,24373
8192,2,0.05,22,0.1901191854849615,0.7746770347088363,420,14,7270,24233
8192,2,0.05,23,0.1906521747028383,0.7748380085040084,420,14,7291,24303
8192,2,0.05,24,0.18885814640591742,0.7291041230610137,420,14,7337,24457
8192,2,0.05,25,-0.023151130584141744,0.7105360688178135,422,15,8344,27813
8192,2,0.05,26,0.07553899378493353,0.7552730449808506,422,15,8223,27410
8192,2,0.05,27,0.1935007733434952,0.7754522084710671,420,14,7296,24320
8192,2,0.05,28,-0.02943009988325735,0.7021431866532484,422,15,8427,28090
8192,2,0.05,29,-0.09625035717900764,0.6947013855514508,424,16,9282,30940
8192,2,0.1,0,0.08550559680010239,0.7153839671588744,422,15,8270,27567
8192,2,0.1,1,-0.15446784191374785,0.6652384433134888,426,17,10226,34087
8192,2,0.1,2,0.19199291639240088,0.74108028274082,420,14,7272,24240
8192,2,0.1,3,-0.01539396025625001,0.7035786720178369,422,15,8272,27573
8192,2,0.1,4,0.046606587147274045,0.7364960426944841,422,15,8443,28143
8192,2,0.1,5,-0.04752074396129768,0.6810830844098412,422,15,8442,28140
8192,2,0.1,6,0.191775372472672,0.741768145369622,420,14,7304,24347
8192,2,0.1,7,-0.12909614982098086,0.6967942493950182,424,16,9534,31780
8192,2,0.1,8,0.05905528721852018,0.7219474520606353,422,15,8420,28067
8192,2,0.1,9,0.04915301796612094,0.7458027419601284,422,15,8495,28317
8192,2,0.1,10,0.18938050921244082,0.7367359757683922,420,14,7301,24337
8192,2,0.1,11,0.03600670914320097,0.713785795029867,424,16,8965,29883
8192,2,0.1,12,0.02935564788513479,0.6800728727607084,422,15,8537,28457
8192,2,0.1,13,0.08057987948666344,0.7287403814665394,422,15,8200,27333
8192,2,0.1,14,-0.020124201893472214,0.6951525330130583,424,16,9352,31173
8192,2,0.1,15,-0.12081224495511104,0.6572032972191751,428,18,11088,36960
8192,2,0.1,16,0.00876553786954558,0.7020908271982682,422,15,8667,28890
8192,2,0.1,17,-0.21824279288467546,0.6841755112500321,426,17,10963,36543
8192,2,0.1,18,0.18926444228668055,0.7689867439954263,420,14,7242,24140
8192,2,0.1,19,0.040416732082217764,0.6963446628448354,422,15,8412,28040
8192,2,0.1,20,0.19151571963784964,0.7636341063520578,420,14,7321,24403
8192,2,0.1,21,0.19039395660911776,0.7466068053677288,420,14,7312,24373
8192,2,0.1,22,-0.3069288106180432,0.6308643552669424,428,18,11572,38573
8192,2,0.1,23,0.1906521747028383,0.7748380085040084,420,14,7291,24303
8192,2,0.1,24,-0.16298975465339083,0.6281965270812532,428,18,11656,38853
8192,2,0.1,25,-0.15466668709718295,0.6566687858520758,426,17,10218,34060
8192,2,0.1,26,-0.07732020760295374,0.7143613426815283,424,16,9127,30423
8192,2,0.1,27,0.1935007733434952,0.7754522084710671,420,14,7296,24320
8192,2,0.1,28,-0.02943009988325735,0.7021431866532484,422,15,8427,28090
8192,2,0.1,29,-0.17712635752038766,0.673249902163887,426,17,10514,35047
8192,2,0.15,0,0.08550559680010239,0.7153839671588744,422,15,8270,27567
8192,2,0.15,1,-0.15833824477434372,0.6435276488436246,426,17,10263,34210
8192,2,0.15,2,-0.3303960803008192,0.6295316772001333,400,18,11997,39990
8192,2,0.15,3,-0.01539396025625001,0.7035786720178369,422,15,8272,27573
8192,2,0.15,4,0.046606587147274045,0.7364960426944841,422,15,8443,28143
8192,2,0.15,5,-0.04752074396129768,0.6810830844098412,422,15,8442,28140
8192,2,0.15,6,0.191775372472672,0.741768145369622,420,14,7304,24347
8192,2,0.15,7,-0.12909614982098086,0.6967942493950182,424,16,9534,31780
8192,2,0.15,8,-0.14093087061371762,0.6803563459553219,426,17,10939,36463
8192,2,0.15,9,-0.11913337555813477,0.7101261802372086,424,16,9529,31763
8192,2,0.15,10,-0.2861214447753809,0.6253704279573452,428,18,11222,37407
8192,2,0.15,11,0.019633298984824195,0.7021400865159488,424,16,9055,30183
8192,2,0.15,12,-0.18920745032978584,0.6157967022354721,428,18,11082,36940
8192,2,0.15,13,-0.2976860196044932,0.5647802164407826,402,19,12943,43143
8192,2,0.15,14,-0.1422791240313808,0.6802480001465936,426,17,10131,33770
8192,2,0.15,15,-0.07597423450451893,0.6379152070862993,426,17,10186,33953
8192,2,0.15,16,0.00876553786954558,0.7020908271982682,422,15,8667,28890
8192,2,0.15,17,-0.4036019650485874,0.5644098593383724,404,20,14420,48067
8192,2,0.15,18,0.18926444228668055,0.7689867439954263,420,14,7242,24140
8192,2,0.15,19,0.040416732082217764,0.6963446628448354,422,15,8412,28040
8192,2,0.15,20,-0.30650574030210503,0.5989080889892592,402,19,13185,43950
8192,2,0.15,21,0.19039395660911776,0.7466068053677288,420,14,7312,24373
8192,2,0.15,22,-0.3069288106180432,0.6308643552669424,428,18,11572,38573
8192,2,0.15,23,-0.19424607461015908,0.6963419770250339,426,17,10596,35320
8192,2,0.15,24,-0.19530948733918083,0.6053293164224413,400,18,12094,40313
8192,2,0.15,25,-0.15466668709718295,0.6566687858520758,426,17,10218,34060
8192,2,0.15,26,-0.07732020760295374,0.7143613426815283,424,16,9127,30423
8192,2,0.15,27,0.1935007733434952,0.7754522084710671,420,14,7296,24320
8192,2,0.15,28,-0.2160811326137594,0.6205729997897366,400,18,11358,37860
8192,2,0.15,29,-0.17712635752038766,0.673249902163887,426,17,10514,35047
8192,2,0.2,0,0.08550559680010239,0.7153839671588744,422,15,8270,27567
8192,2,0.2,1,-0.15833824477434372,0.6435276488436246,426,17,10263,34210
8192,2,0.2,2,-0.4188690062286792,0.511326119517048,406,21,15452,51507
8192,2,0.2,3,-0.01539396025625001,0.7035786720178369,422,15,8272,27573
8192,2,0.2,4,-0.18928644048809096,0.6819075075104776,426,17,10583,35277
8192,2,0.2,5,-0.2299687080140197,0.6370591300512818,400,18,11583,38610
8192,2,0.2,6,0.191775372472672,0.741768145369622,420,14,7304,24347
8192,2,0.2,7,-0.12909614982098086,0.6967942493950182,424,16,9534,31780
8192,2,0.2,8,-0.1548831714169634,0.6793943923892889,426,17,10263,34210
8192,2,0.2,9,-0.11913337555813477,0.7101261802372086,424,16,9529,31763
8192,2,0.2,10,-0.42208636202072386,0.5245865737090076,408,22,15985,53283
8192,2,0.2,11,-0.07210695342818337,0.6760536462201565,426,17,10173,33910
8192,2,0.2,12,-0.25162996462938086,0.5948485270568338,400,18,11933,39777
8192,2,0.2,13,-0.2976860196044932,0.5647802164407826,402,19,12943,43143
8192,2,0.2,14,-0.19001837860975515,0.6794784017467725,428,18,11071,36903
8192,2,0.2,15,-0.100925851125364,0.6764342272093201,426,17,10471,34903
8192,2,0.2,16,0.00876553786954558,0.7020908271982682,422,15,8667,28890
8192,2,0.2,17,-0.42628179239612124,0.556710609764319,406,21,15640,52133
8192,2,0.2,18,-0.25586972609751757,0.6618256300066708,428,18,11965,39883
8192,2,0.2,19,0.040416732082217764,0.6963446628448354,422,15,8412,28040
8192,2,0.2,20,-0.30650574030210503,0.5989080889892592,402,19,13185,43950
8192,2,0.2,21,-0.3595347454423178,0.6191672990211404,400,18,12460,41533
8192,2,0.2,22,-0.3069288106180432,0.6308643552669424,428,18,11572,38573
8192,2,0.2,23,-0.19424607461015908,0.6963419770250339,426,17,10596,35320
8192,2,0.2,24,-0.26326710643018786,0.6206277132721227,400,18,12102,40340
8192,2,0.2,25,-0.15466668709718295,0.6566687858520758,426,17,10218,34060
8192,2,0.2,26,-0.07732020760295374,0.7143613426815283,424,16,9127,30423
8192,2,0.2,27,0.06251787460327667,0.7533789701648121,422,15,8354,27847
8192,2,0.2,28,-0.3564762415405229,0.550234598527543,408,22,15978,53260
8192,2,0.2,29,-0.17712635752038766,0.673249902163887,426,17,10514,35047
8192,2,0.25,0,-0.06175702576447104,0.6868919491984726,426,17,10130,33767
8192,2,0.25,1,-0.2656751688476686,0.6062671833739776,400,18,12049,40163
8192,2,0.25,2,-0.4482256423868394,0.5029000868406616,410,23,17475,58250
8192,2,0.25,3,-0.35554371570234183,0.6118069724962172,402,19,12953,43177
8192,2,0.25,4,-0.245772721064743,0.6483783876405858,426,17,10321,34403
8192,2,0.25,5,-0.2635003790724497,0.61672444487466,402,19,12535,41783
8192,2,0.25,6,-0.009461476351245952,0.6944318467510572,424,16,9233,30777
8192,2,0.25,7,-0.12909614982098086,0.6967942493950182,424,16,9534,31780
8192,2,0.25,8,-0.2559887372183675,0.6592932292808245,426,17,10439,34797
8192,2,0.25,9,-0.20899546484864828,0.6735118837874198,428,18,11419,38063
8192,2,0.25,10,-0.42707482601982505,0.5369915252768217,408,22,16019,53397
8192,2,0.25,11,-0.11836590977955512,0.6669467869020184,428,18,11050,36833
8192,2,0.25,12,-0.3542109093005811,0.5861894009632898,402,19,12881,42937
8192,2,0.25,13,-0.3261551360757286,0.5711004212179597,402,19,13617,45390
8192,2,0.25,14,-0.3990959530356688,0.5604047528404787,404,20,14454,48180
8192,2,0.25,15,-0.100925851125364,0.6764342272093201,426,17,10471,34903
8192,2,0.25,16,0.00876553786954558,0.7020908271982682,422,15,8667,28890
8192,2,0.25,17,-0.43984994338390065,0.5396381063235611,408,22,16606,55353
8192,2,0.25,18,-0.29692468942106054,0.6019711412186115,400,18,12650,42167
8192,2,0.25,19,0.040416732082217764,0.6963446628448354,422,15,8412,28040
8192,2,0.25,20,-0.30650574030210503,0.5989080889892592,402,19,13185,43950
8192,2,0.25,21,-0.5093068648009524,0.6140944262852807,400,18,11677,38923
8192,2,0.25,22,-0.3594029592213891,0.5579302706159528,402,19,12921,43070
8192,2,0.25,23,-0.2508623099994678,0.6497660391336807,400,18,12977,43257
8192,2,0.25,24,-0.26326710643018786,0.6206277132721227,400,18,12102,40340
8192,2,0.25,25,-0.15466668709718295,0.6566687858520758,426,17,10218,34060
8192,2,0.25,26,-0.07732020760295374,0.7143613426815283,424,16,9127,30423
8192,2,0.25,27,-0.4431178502786491,0.6283713077848629,400,18,12489,41630
8192,2,0.25,28,-0.3564762415405229,0.550234598527543,408,22,15978,53260
8192,2,0.25,29,-0.17712635752038766,0.673249902163887,426,17,10514,35047
8192,2,0.3,0,-0.06175702576447104,0.6868919491984726,426,17,10130,33767
8192,2,0.3,1,-0.2656751688476686,0.6062671833739776,400,18,12049,40163
8192,2,0.3,2,-0.47476625049842464,0.4619760132723529,414,25,19889,66297
8192,2,0.3,3,-0.35554371570234183,0.6118069724962172,402,19,12953,43177
8192,2,0.3,4,-0.25183977791413376,0.6354585594862555,426,17,10373,34577
8192,2,0.3,5,-0.2635003790724497,0.61672444487466,402,19,12535,41783
8192,2,0.3,6,-0.15568578349619042,0.7065580069128379,426,17,11029,36763
8192,2,0.3,7,-0.1888519200984919,0.6724351576909017,426,17,10589,35297
8192,2,0.3,8,-0.4027698819515255,0.5736448921474762,404,20,14478,48260
8192,2,0.3,9,-0.3580001385708297,0.5453341458593043,406,21,15598,51993
8192,2,0.3,10,-0.4302539366506972,0.5372593731453411,406,21,16007,53357
8192,2,0.3,11,-0.11836590977955512,0.6669467869020184,428,18,11050,36833
8192,2,0.3,12,-0.3855411573098218,0.5655140289887399,404,20,14133,47110
8192,2,0.3,13,-0.4291600386165892,0.5917112974651224,402,19,12834,42780
8192,2,0.3,14,-0.3324489921454457,0.639405049024727,400,18,11968,39893
8192,2,0.3,15,-0.100925851125364,0.6764342272093201,426,17,10471,34903
8192,2,0.3,16,-0.4550840271391537,0.547514847364759,408,22,17115,57050
8192,2,0.3,17,-0.40076252812761526,0.5865644393947307,404,20,14357,47857
8192,2,0.3,18,-0.4521320920697189,0.4592255486472087,412,24,18147,60490
8192,2,0.3,19,0.040416732082217764,0.6963446628448354,422,15,8412,28040
8192,2,0.3,20,-0.34695265299144934,0.6163744504132252,404,20,14692,48973
8192,2,0.3,21,-0.5093068648009524,0.6140944262852807,400,18,11677,38923
8192,2,0.3,22,-0.3594029592213891,0.5579302706159528,402,19,12921,43070
8192,2,0.3,23,-0.3109417193847115,0.6241770292076239,406,21,15552,51840
8192,2,0.3,24,-0.26326710643018786,0.6206277132721227,400,18,12102,40340
8192,2,0.3,25,-0.15466668709718295,0.6566687858520758,426,17,10218,34060
8192,2,0.3,26,-0.452248109685818,0.5396394317494577,404,20,13990,46633
8192,2,0.3,27,-0.47973312255475936,0.6131713380225451,404,20,14708,49027
8192,2,0.3,28,-0.3564762415405229,0.550234598527543,408,22,15978,53260
8192,2,0.3,29,-0.2891250987860135,0.6106521056248729,402,19,12968,43227
8192,2,0.35,0,-0.03336709577853791,0.6900405058219599,422,15,8392,27973
8192,2,0.35,1,-0.4234442577496135,0.523744934161587,408,22,16153,53843
8192,2,0.35,2,-0.45615791351742074,0.5096167967826091,410,23,17958,59860
8192,2,0.35,3,-0.35554371570234183,0.6118069724962172,402,19,12953,43177
8192,2,0.35,4,-0.40391643155669854,0.5362338168493144,406,21,15014,50047
8192,2,0.35,5,-0.30259858746366936,0.587889350384528,404,20,13671,45570
8192,2,0.35,6,-0.3041408456935682,0.6251351667378026,402,19,13053,43510
8192,2,0.35,7,-0.5752805811915119,0.502103210804638,414,25,20057,66857
8192,2,0.35,8,-0.4597169392969138,0.591176586856184,402,19,13431,44770
8192,2,0.35,9,-0.3491102643666321,0.524314778420221,406,21,15331,51103
8192,2,0.35,10,-0.4302539366506972,0.5372593731453411,406,21,16007,53357
8192,2,0.35,11,-0.11836590977955512,0.6669467869020184,428,18,11050,36833
8192,2,0.35,12,-0.3855411573098218,0.5655140289887399,404,20,14133,47110
8192,2,0.35,13,-0.35851380224152274,0.5871639544562862,402,19,12882,42940
8192,2,0.35,14,-0.4033351631545222,0.5578956810589323,406,21,14896,49653
8192,2,0.35,15,-0.21471932088436385,0.6613352224801972,400,18,12369,41230
8192,2,0.35,16,-0.4550840271391537,0.547514847364759,408,22,17115,57050
8192,2,0.35,17,-0.42689553598371593,0.5346667610817696,408,22,16126,53753
8192,2,0.35,18,-0.486236786510659,0.4126370569564653,418,27,21371,71237
8192,2,0.35,19,-0.1305568294824652,0.6935479541668427,424,16,9537,31790
8192,2,0.35,20,-0.4396204055557403,0.49656942388213926,416,26,21073,70243
8192,2,0.35,21,-0.5093068648009524,0.6140944262852807,400,18,11677,38923
8192,2,0.35,22,-0.4412467064179261,0.5599969486140053,408,22,16685,55617
8192,2,0.35,23,-0.3109417193847115,0.6241770292076239,406,21,15552,51840
8192,2,0.35,24,-0.26326710643018786,0.6206277132721227,400,18,12102,40340
8192,2,0.35,25,-0.2984088435130096,0.622326261221972,428,18,11306,37687
8192,2,0.35,26,-0.452248109685818,0.5396394317494577,404,20,13990,46633
8192,2,0.35,27,-0.4806076616330034,0.6101167959333512,404,20,14706,49020
8192,2,0.35,28,-0.3564762415405229,0.550234598527543,408,22,15978,53260
8192,2,0.35,29,-0.4697555366946876,0.482159256605728,416,26,20152,67173
8192,2,0.4,0,-0.24509889019039727,0.616884879892501,400,18,11763,39210
8192,2,0.4,1,-0.4234442577496135,0.523744934161587,408,22,16153,53843
8192,2,0.4,2,-0.46713389364672125,0.49455755293366116,412,24,18934,63113
8192,2,0.4,3,-0.5555381335041294,0.25792379742577354,400,32,27032,90107
8192,2,0.4,4,-0.4454287235931427,0.4923979502456557,410,23,17392,57973
8192,2,0.4,5,-0.3634198434227021,0.5573876214922723,408,22,16142,53807
8192,2,0.4,6,-0.3041408456935682,0.6251351667378026,402,19,13053,43510
8192,2,0.4,7,-0.5896877296472773,0.42787646503329413,422,29,23935,79783
8192,2,0.4,8,-0.4597169392969138,0.591176586856184,402,19,13431,44770
8192,2,0.4,9,-0.34144341122655186,0.5145621384317097,406,21,15042,50140
8192,2,0.4,10,-0.4302539366506972,0.5372593731453411,406,21,16007,53357
8192,2,0.4,11,-0.4249000486732308,0.5525893074785985,406,21,15471,51570
8192,2,0.4,12,-0.4727433738835273,0.5485401696836906,406,21,15152,50507
8192,2,0.4,13,-0.4427161975557493,0.48911281613674207,410,23,17211,57370
8192,2,0.4,14,-0.4033351631545222,0.5578956810589323,406,21,14896,49653
8192,2,0.4,15,-0.21471932088436385,0.6613352224801972,400,18,12369,41230
8192,2,0.4,16,-0.5271230474899752,0.5166245687256961,408,22,15360,51200
8192,2,0.4,17,-0.42689553598371593,0.5346667610817696,408,22,16126,53753
8192,2,0.4,18,-0.4917339103232403,0.5132051045543325,408,22,16443,54810
8192,2,0.4,19,-0.1929420927708247,0.6702630335149881,426,17,10627,35423
8192,2,0.4,20,-0.5035750806061416,0.4297683730093286,420,28,23222,77407
8192,2,0.4,21,-0.5093068648009524,0.6140944262852807,400,18,11677,38923
8192,2,0.4,22,-0.4412467064179261,0.5599969486140053,408,22,16685,55617
8192,2,0.4,23,-0.3552208932582804,0.5948860046192297,408,22,17465,58217
8192,2,0.4,24,-0.3278994948421341,0.5923768380806398,404,20,14308,47693
8192,2,0.4,25,-0.2092875073243846,0.6045140938175548,428,18,11189,37297
8192,2,0.4,26,-0.452248109685818,0.5396394317494577,404,20,13990,46633
8192,2,0.4,27,-0.4695515373882267,0.6033187951346137,402,19,13820,46067
8192,2,0.4,28,-0.3564762415405229,0.550234598527543,408,22,15978,53260
8192,2,0.4,29,-0.47720671635510453,0.48999802057682834,416,26,20476,68253
8192,2,0.45,0,-0.24509889019039727,0.616884879892501,400,18,11763,39210
8192,2,0.45,1,-0.45599383917932973,0.4683341402287621,414,25,18773,62577
8192,2,0.45,2,-0.4709921593292488,0.5145988634450948,412,24,19232,64107
8192,2,0.45,3,-0.5538720593979145,0.2571352807158302,400,32,26828,89427
8192,2,0.45,4,-0.444631265174535,0.48728959306140407,410,23,17320,57733
8192,2,0.45,5,-0.3634198434227021,0.5573876214922723,408,22,16142,53807
8192,2,0.45,6,-0.433171599475864,0.4643705077569792,414,25,20114,67047
8192,2,0.45,7,-0.5990857941108664,0.34216860930109966,400,32,27351,91170
8192,2,0.45,8,-0.4597169392969138,0.591176586856184,402,19,13431,44770
8192,2,0.45,9,-0.35606555404900203,0.49011619301872655,408,22,15860,52867
8192,2,0.45,10,-0.481393634499174,0.4922739998540084,414,25,20257,67523
8192,2,0.45,11,-0.44029137897699927,0.5325418854680926,410,23,16973,56577
8192,2,0.45,12,-0.5431122139428793,0.37922775920002594,424,30,24993,83310
8192,2,0.45,13,-0.4427161975557493,0.48911281613674207,410,23,17211,57370
8192,2,0.45,14,-0.4220809100041492,0.5432655755544632,408,22,16007,53357
8192,2,0.45,15,-0.45172787506096823,0.35482874535097597,426,31,26789,89297
8192,2,0.45,16,-0.5770595705658647,0.41191766208236347,422,29,22852,76173
8192,2,0.45,17,-0.44322663269325324,0.5341668119811391,410,23,17169,57230
8192,2,0.45,18,-0.4917339103232403,0.5132051045543325,408,22,16443,54810
8192,2,0.45,19,-0.17802809207563047,0.6851712654117565,426,17,10394,34647
8192,2,0.45,20,-0.5035750806061416,0.4297683730093286,420,28,23222,77407
8192,2,0.45,21,-0.5259534375351422,0.48041368690338554,412,24,18993,63310
8192,2,0.45,22,-0.4412467064179261,0.5599969486140053,408,22,16685,55617
8192,2,0.45,23,-0.46244587724878355,0.5198619987694624,410,23,18157,60523
8192,2,0.45,24,-0.3278994948421341,0.5923768380806398,404,20,14308,47693
8192,2,0.45,25,-0.489249180994072,0.4098066532557601,418,27,21621,72070
8192,2,0.45,26,-0.452248109685818,0.5396394317494577,404,20,13990,46633
8192,2,0.45,27,-0.4695515373882267,0.6033187951346137,402,19,13820,46067
8192,2,0.45,28,-0.3564762415405229,0.550234598527543,408,22,15978,53260
8192,2,0.45,29,-0.47720671635510453,0.48999802057682834,416,26,20476,68253
8192,2,0.5,0,-0.3861527524255974,0.5399996952162651,408,22,16790,55967
8192,2,0.5,1,-0.5171389799290795,0.31697621273169446,428,32,26530,88433
8192,2,0.5,2,-0.5682685876208732,0.3248653279706952,400,32,28737,95790
8192,2,0.5,3,-0.5538093794275307,0.28310646420415736,400,32,26697,88990
8192,2,0.5,4,-0.45020868731870034,0.4740984123032299,412,24,18004,60013
8192,2,0.5,5,-0.3974876103173677,0.5173574985450333,410,23,17731,59103
8192,2,0.5,6,-0.433171599475864,0.4643705077569792,414,25,20114,67047
8192,2,0.5,7,-0.5568749314177283,0.3285056394542226,400,32,27173,90577
8192,2,0.5,8,-0.5005474407390382,0.48832337036958395,410,23,16961,56537
8192,2,0.5,9,-0.3611744721874911,0.49398949423175104,408,22,15974,53247
8192,2,0.5,10,-0.481393634499174,0.4922739998540084,414,25,20257,67523
8192,2,0.5,11,-0.5622931192527103,0.4037837415767063,418,27,20326,67753
8192,2,0.5,12,-0.5537536113124444,0.3759669500828809,424,30,25096,83653
8192,2,0.5,13,-0.4787633872443633,0.42292855434282867,420,28,21361,71203
8192,2,0.5,14,-0.45500584710145675,0.49984318745893014,412,24,18377,61257
8192,2,0.5,15,-0.45172787506096823,0.35482874535097597,426,31,26789,89297
8192,2,0.5,16,-0.5327442389724996,0.3918811513302748,422,29,22888,76293
8192,2,0.5,17,-0.45935091303771247,0.46474865491967265,416,26,22083,73610
8192,2,0.5,18,-0.4917339103232403,0.5132051045543325,408,22,16443,54810
8192,2,0.5,19,-0.43199874713315134,0.45628559342615854,416,26,20401,68003
8192,2,0.5,20,-0.5035750806061416,0.4297683730093286,420,28,23222,77407
8192,2,0.5,21,-0.5412871420133544,0.44617089904771123,416,26,21147,70490
8192,2,0.5,22,-0.49301085154717117,0.5244517930735971,408,22,16301,54337
8192,2,0.5,23,-0.5057006114445519,0.4171003884294693,422,29,23965,79883
8192,2,0.5,24,-0.3287108442752436,0.6078667358870862,404,20,14328,47760
8192,2,0.5,25,-0.489249180994072,0.4098066532557601,418,27,21621,72070
8192,2,0.5,26,-0.5632011418344308,0.2718065053407747,400,32,27449,91497
8192,2,0.5,27,-0.5056525616877007,0.5472595676925609,406,21,16197,53990
8192,2,0.5,28,-0.3564762415405229,0.550234598527543,408,22,15978,53260
8192,2,0.5,29,-0.47720671635510453,0.48999802057682834,416,26,20476,68253
8192,2,0.55,0,-0.38475027577522886,0.531556325834767,408,22,16782,55940
8192,2,0.55,1,-0.5171389799290795,0.31697621273169446,428,32,26530,88433
8192,2,0.55,2,-0.5698431577173525,0.3086007468963058,400,32,28948,96493
8192,2,0.55,3,-0.5455312829399189,0.34901086421940325,426,31,25120,83733
8192,2,0.55,4,-0.5431760397767874,0.4204068952858284,422,29,23485,78283
8192,2,0.55,5,-0.5399751670814367,0.2677833883067037,404,34,30401,101337
8192,2,0.55,6,-0.433171599475864,0.4643705077569792,414,25,20114,67047
8192,2,0.55,7,-0.5580468427701235,0.3288244725757773,400,32,27366,91220
8192,2,0.55,8,-0.6111992950526005,0.139906395800339,418,41,36045,120150
8192,2,0.55,9,-0.5061900221102567,0.41830705746228425,422,29,24355,81183
8192,2,0.55,10,-0.481393634499174,0.4922739998540084,414,25,20257,67523
8192,2,0.55,11,-0.5813990655241265,0.32607566234413154,426,31,24903,83010
8192,2,0.55,12,-0.5480789753777369,0.36974293812630626,424,30,24382,81273
8192,2,0.55,13,-0.5002069180449412,0.3702052695335348,422,29,22985,76617
8192,2,0.55,14,-0.45500584710145675,0.49984318745893014,412,24,18377,61257
8192,2,0.55,15,-0.45172787506096823,0.35482874535097597,426,31,26789,89297
8192,2,0.55,16,-0.5327442389724996,0.3918811513302748,422,29,22888,76293
8192,2,0.55,17,-0.5516363924377075,0.5467006188897112,404,20,14494,48313
8192,2,0.55,18,-0.5425275397031021,0.4268034630547308,420,28,23423,78077
8192,2,0.55,19,-0.42480474038324945,0.44997571558982735,416,26,19953,66510
8192,2,0.55,20,-0.5035750806061416,0.4297683730093286,420,28,23222,77407
8192,2,0.55,21,-0.5412871420133544,0.44617089904771123,416,26,21147,70490
8192,2,0.55,22,-0.4337892933216861,0.5512980516900161,408,22,16306,54353
8192,2,0.55,23,-0.5262315004264693,0.32517428184661257,400,32,27553,91843
8192,2,0.55,24,-0.3570545846821126,0.575101325570386,406,21,15481,51603
8192,2,0.55,25,-0.5406840566985468,0.3718353237840126,424,30,23934,79780
8192,2,0.55,26,-0.5060015011573203,0.45741065819269766,414,25,18534,61780
8192,2,0.55,27,-0.5495983077731958,0.42671476560161503,420,28,23184,77280
8192,2,0.55,28,-0.562355335818013,0.39329335433849777,426,31,26859,89530
8192,2,0.55,29,-0.5473770269569266,0.40430708582467195,422,29,24402,81340
8192,2,0.6,0,-0.5090302736173173,0.4341051686124213,422,29,24175,80583
8192,2,0.6,1,-0.5750498022686066,0.1329995600272074,418,41,36529,121763
8192,2,0.6,2,-0.565553265205434,0.3223717439682659,400,32,28345,94483
8192,2,0.6,3,-0.6059904594201958,0.26038104486450947,406,35,30606,102020
8192,2,0.6,4,-0.5783124287170587,0.22928480053566327,412,38,34518,115060
8192,2,0.6,5,-0.5182827438081872,0.36274855309316373,428,32,26639,88797
8192,2,0.6,6,-0.4534068340320337,0.43519332866707144,418,27,22195,73983
8192,2,0.6,7,-0.5989599274761019,0.316569273316968,400,32,27464,91547
8192,2,0.6,8,-0.6124011311915267,0.14258187542583434,418,41,36265,120883
8192,2,0.6,9,-0.49913599031634603,0.4062781010182819,422,29,24083,80277
8192,2,0.6,10,-0.6042529885999163,0.2856281687547563,400,32,28210,94033
8192,2,0.6,11,-0.5813990655241265,0.32607566234413154,426,31,24903,83010
8192,2,0.6,12,-0.5548413422589119,0.37989564033134376,424,30,24670,82233
8192,2,0.6,13,-0.5002069180449412,0.3702052695335348,422,29,22985,76617
8192,2,0.6,14,-0.48500032611010424,0.4751279949870492,416,26,20884,69613
8192,2,0.6,15,-0.4903719990331591,0.16284859287357675,420,42,37287,124290
8192,2,0.6,16,-0.5794319180160763,0.3715148562552408,422,29,22369,74563
8192,2,0.6,17,-0.5516363924377075,0.5467006188897112,404,20,14494,48313
8192,2,0.6,18,-0.5732978334982499,0.21030886069609622,412,38,33698,112327
8192,2,0.6,19,-0.5156480326015849,0.37973190848803795,424,30,24996,83320
8192,2,0.6,20,-0.5510462077365503,0.3729288621161094,426,31,25314,84380
8192,2,0.6,21,-0.5412871420133544,0.44617089904771123,416,26,21147,70490
8192,2,0.6,22,-0.4337892933216861,0.5512980516900161,408,22,16306,54353
8192,2,0.6,23,-0.5265007819308231,0.3267740912556547,400,32,27633,92110
8192,2,0.6,24,-0.3570545846821126,0.575101325570386,406,21,15481,51603
8192,2,0.6,25,-0.5409835907068101,0.3584158549913587,424,30,23889,79630
8192,2,0.6,26,-0.561595133770132,0.23282275339401812,402,33,27559,91863
8192,2,0.6,27,-0.550288465116936,0.42777299783206924,420,28,23270,77567
8192,2,0.6,28,-0.5384249019670861,0.44888855224368013,418,27,21633,72110
8192,2,0.6,29,-0.5670948845352348,0.2551042035289835,406,35,30253,100843
8192,2,0.65,0,-0.5220967494136968,0.3116165275550153,400,32,27202,90673
8192,2,0.65,1,-0.5750498022686066,0.1329995600272074,418,41,36529,121763
8192,2,0.65,2,-0.5674798602981335,0.3078271792792908,400,32,27770,92567
8192,2,0.65,3,-0.6111617575108441,0.10012810882998174,428,46,41718,139060
8192,2,0.65,4,-0.5783124287170587,0.22928480053566327,412,38,34518,115060
8192,2,0.65,5,-0.6160708514920137,0.16669249030844235,418,41,38038,126793
8192,2,0.65,6,-0.4270706068382548,0.455081490141486,414,25,19793,65977
8192,2,0.65,7,-0.6032455974959018,0.12606727876687399,424,44,39926,133087
8192,2,0.65,8,-0.6116340006741641,0.006884697074216185,400,46,41610,138700
8192,2,0.65,9,-0.5557763847340637,0.11994796819426862,428,46,42937,143123
8192,2,0.65,10,-0.5505554213926468,0.33172657689893176,428,32,26180,87267
8192,2,0.65,11,-0.5392524909604832,0.22286797224900845,410,37,32110,107033
8192,2,0.65,12,-0.5648697178683371,0.3098794513406397,400,32,27039,90130
8192,2,0.65,13,-0.4989015657386342,0.3544249618621823,424,30,23264,77547
8192,2,0.65,14,-0.48500032611010424,0.4751279949870492,416,26,20884,69613
8192,2,0.65,15,-0.4947344555064336,0.19000428210949033,420,42,38182,127273
8192,2,0.65,16,-0.5971377490685656,0.29515936404384613,400,32,26879,89597
8192,2,0.65,17,-0.6087021535893724,0.2082169241116889,408,36,31343,104477
8192,2,0.65,18,-0.5406330784805066,0.19523750100388879,412,38,32905,109683
8192,2,0.65,19,-0.5156480326015849,0.37973190848803795,424,30,24996,83320
8192,2,0.65,20,-0.5510462077365503,0.3729288621161094,426,31,25314,84380
8192,2,0.65,21,-0.5595187499334575,0.4156583689298804,424,30,25383,84610
8192,2,0.65,22,-0.5768610028637595,0.22481379881134475,410,37,33778,112593
8192,2,0.65,23,-0.5008477574950191,0.3431968732573584,402,33,30225,100750
8192,2,0.65,24,-0.3570545846821126,0.575101325570386,406,21,15481,51603
8192,2,0.65,25,-0.5786935601162615,0.042759879084020326,400,46,41586,138620
8192,2,0.65,26,-0.5678573382500058,0.21770034539065042,406,35,29636,98787
8192,2,0.65,27,-0.5368762176230196,0.29266155382042464,406,35,31087,103623
8192,2,0.65,28,-0.5674846069143692,0.30384461572030175,402,33,29003,96677
8192,2,0.65,29,-0.5324304242827965,0.4621664628651343,416,26,20936,69787
8192,2,0.7,0,-0.544367421217343,0.23300049844564735,410,37,32756,109187
8192,2,0.7,1,-0.5794940923056868,0.14997114671983428,414,39,34379,114597
8192,2,0.7,2,-0.5831123352668928,0.10466509499922652,428,46,41163,137210
8192,2,0.7,3,-0.6111617575108441,0.10012810882998174,428,46,41718,139060
8192,2,0.7,4,-0.5821719688079018,0.13027019200911122,426,45,40608,135360
8192,2,0.7,5,-0.6147249150721962,0.1796189372486984,416,40,37187,123957
8192,2,0.7,6,-0.5164130521359684,0.367126738941391,426,31,26018,86727
8192,2,0.7,7,-0.60454114044984,0.006786977076200343,402,47,43887,146290
8192,2,0.7,8,-0.6112352473296682,0.16929863908914294,416,40,36328,121093
8192,2,0.7,9,-0.5518034869486551,0.09178371171062559,428,46,41140,137133
8192,2,0.7,10,-0.5677112006759965,0.2266449288174186,408,36,30756,102520
8192,2,0.7,11,-0.5392524909604832,0.22286797224900845,410,37,32110,107033
8192,2,0.7,12,-0.5648697178683371,0.3098794513406397,400,32,27039,90130
8192,2,0.7,13,-0.4989015657386342,0.3544249618621823,424,30,23264,77547
8192,2,0.7,14,-0.533217164002115,0.3337135720300128,400,32,28457,94857
8192,2,0.7,15,-0.4935650063463108,0.18596993608096365,420,42,38134,127113
8192,2,0.7,16,-0.6077306581465423,0.08574004940220827,426,45,40912,136373
8192,2,0.7,17,-0.6108989158750241,-0.015748030800496263,408,50,45454,151513
8192,2,0.7,18,-0.5430000308340562,0.18614368045546278,416,40,34682,115607
8192,2,0.7,19,-0.6099563005054504,-0.023008392790332937,406,49,45934,153113
8192,2,0.7,20,-0.5494112016935385,0.37280309646400017,424,30,24317,81057
8192,2,0.7,21,-0.5913050714281191,0.0536303904580306,400,46,43677,145590
8192,2,0.7,22,-0.5797418078974883,0.16940736746190807,416,40,36342,121140
8192,2,0.7,23,-0.5573206029682175,0.1079117544202092,424,44,41080,136933
8192,2,0.7,24,-0.5167892529998911,0.2379439320254695,412,38,34559,115197
8192,2,0.7,25,-0.5762852601398774,0.15205655294789702,418,41,37402,124673
8192,2,0.7,26,-0.5790742801452406,0.1826583071532811,418,41,36584,121947
8192,2,0.7,27,-0.5566234580753122,0.1277532628737076,424,44,40409,134697
8192,2,0.7,28,-0.5708908360246572,0.2457903349904319,408,36,31599,105330
8192,2,0.7,29,-0.5536709381261905,0.3766558369867385,426,31,25703,85677
8192,2,0.75,0,-0.5577424879813937,0.13311704007455358,422,43,38988,129960
8192,2,0.75,1,-0.5884284397527589,-0.017198813860526532,404,48,45048,150160
8192,2,0.75,2,-0.5880605264293748,-0.06322828941305891,420,56,52889,176297
8192,2,0.75,3,-0.6031245263604836,-0.18414193113358038,408,64,62771,209237
8192,2,0.75,4,-0.5853920904746506,0.09243855391687077,428,46,41950,139833
8192,2,0.75,5,-0.61639055792332,0.08521601968797547,400,46,45088,150293
8192,2,0.75,6,-0.5589825909480639,0.05472793627016346,400,46,43112,143707
8192,2,0.75,7,-0.6053909597287292,0.01009201773766522,402,47,43392,144640
8192,2,0.75,8,-0.6123239614803677,0.024253136567055755,400,46,42618,142060
8192,2,0.75,9,-0.5558492427567135,-0.030912974782408613,412,52,47763,159210
8192,2,0.75,10,-0.5826695334259226,0.05849668089222012,400,46,42833,142777
8192,2,0.75,11,-0.5559064270726326,0.11001605864736944,424,44,39838,132793
8192,2,0.75,12,-0.5911008706660821,0.029048667495205124,400,46,43380,144600
8192,2,0.75,13,-0.5814023858215307,-0.07044915584203704,428,60,58404,194680
8192,2,0.75,14,-0.5241514745489659,0.3129643279959313,400,32,27171,90570
8192,2,0.75,15,-0.4935650063463108,0.18596993608096365,420,42,38134,127113
8192,2,0.75,16,-0.6069157890939579,-0.08553804050817974,418,55,52518,175060
8192,2,0.75,17,-0.6090537779359434,-0.06772992647708238,418,55,50092,166973
8192,2,0.75,18,-0.60427368379016,-0.16846674045281082,400,60,57007,190023
8192,2,0.75,19,-0.609396242978314,-0.019284119400458273,408,50,46625,155417
8192,2,0.75,20,-0.5811178258463717,0.2118775967500816,414,39,35808,119360
8192,2,0.75,21,-0.5899951351172656,0.032674971206292716,404,48,44834,149447
8192,2,0.75,22,-0.5848272030194835,0.04648027910813187,400,46,43250,144167
8192,2,0.75,23,-0.5570907918684442,0.1085005322122094,424,44,41034,136780
8192,2,0.75,24,-0.5652684723006828,0.21440685157292005,412,38,33909,113030
8192,2,0.75,25,-0.580985867174005,0.0403695623244671,400,46,42066,140220
8192,2,0.75,26,-0.5843837887453353,0.027396553931460964,400,46,41633,138777
8192,2,0.75,27,-0.6059829431876879,-0.16638666381498288,400,60,58866,196220
8192,2,0.75,28,-0.5857315632399404,0.05077924535032666,402,47,44199,147330
8192,2,0.75,29,-0.5533545399439532,0.3845399670182351,426,31,25779,85930
8192,2,0.8,0,-0.5577424879813937,0.13311704007455358,422,43,38988,129960
8192,2,0.8,1,-0.584620085549245,-0.15550333913004621,402,61,60482,201607
8192,2,0.8,2,-0.5828121657874205,-0.20529738020874408,410,65,63439,211463
8192,2,0.8,3,-0.6033102507071841,-0.20847254603342616,404,62,59758,199193
8192,2,0.8,4,-0.5818465793499893,-0.19391827841101586,412,66,64809,216030
8192,2,0.8,5,-0.6127562985877221,-0.038960217236852356,422,57,56583,188610
8192,2,0.8,6,-0.5826487856370774,0.07022586627891036,428,46,41423,138077
8192,2,0.8,7,-0.5813368894770126,-0.36858608287279243,410,79,78935,263117
8192,2,0.8,8,-0.5897451941932491,-0.32736117011621435,400,74,73143,243810
8192,2,0.8,9,-0.5558492427567135,-0.030912974782408613,412,52,47763,159210
8192,2,0.8,10,-0.5772923965282363,-0.19429867150398883,408,64,60476,201587
8192,2,0.8,11,-0.5647181510283765,-0.047372329233108794,416,54,51044,170147
8192,2,0.8,12,-0.5911008706660821,0.029048667495205124,400,46,43380,144600
8192,2,0.8,13,-0.5814023858215307,-0.07044915584203704,428,60,58404,194680
8192,2,0.8,14,-0.6109786085969078,0.036254489904706005,400,46,43035,143450
8192,2,0.8,15,-0.5583170029866419,0.06632750088651806,400,46,44012,146707
8192,2,0.8,16,-0.5791822813804962,-0.210038385667115,408,64,63325,211083
8192,2,0.8,17,-0.6097813240670136,-0.08330618970347974,420,56,51622,172073
8192,2,0.8,18,-0.6099389913503209,-0.05533634161718082,416,54,51343,171143
8192,2,0.8,19,-0.6020887181051193,-0.17362891108177886,400,60,57311,191037
8192,2,0.8,20,-0.5883437990402979,-0.10758091792457616,428,60,57602,192007
8192,2,0.8,21,-0.6018052994094292,-0.2964562277335179,426,73,70483,234943
8192,2,0.8,22,-0.586077130894269,-0.0019477697194509164,410,51,48911,163037
8192,2,0.8,23,-0.5651646269237292,-0.10855598447349657,424,58,56139,187130
8192,2,0.8,24,-0.598863282264465,-0.1417619456375971,400,60,58758,195860
8192,2,0.8,25,-0.580985867174005,0.0403695623244671,400,46,42066,140220
8192,2,0.8,26,-0.6118895524724884,0.04885047180239621,400,46,41540,138467
8192,2,0.8,27,-0.6050925139170388,-0.19376093252981802,400,60,58075,193583
8192,2,0.8,28,-0.5871718220020774,-0.009505131888409806,412,52,49277,164257
8192,2,0.8,29,-0.5813946122033677,0.007570193503398009,406,49,45232,150773
8192,2,0.85,0,-0.5932308479524113,-0.024774949223044563,414,53,50966,169887
8192,2,0.85,1,-0.6055499236691521,-0.17438968823129622,404,62,61587,205290
8192,2,0.85,2,-0.5670297404827055,-0.35220609072206943,412,80,79669,265563
8192,2,0.85,3,-0.5906448426772578,-0.3336731956453084,400,74,73016,243387
8192,2,0.85,4,-0.5891482679543905,-0.34181213669723143,404,76,75256,250853
8192,2,0.85,5,-0.5696113141131569,-0.4378563004397361,400,88,89815,299383
8192,2,0.85,6,-0.5813076535236583,-0.18427501209180705,400,60,58290,194300
8192,2,0.85,7,-0.5810382967010492,-0.37844520594507675,412,80,79575,265250
8192,2,0.85,8,-0.5997937652790801,-0.23276072297442546,416,68,66394,221313
8192,2,0.85,9,-0.5558492427567135,-0.030912974782408613,412,52,47763,159210
8192,2,0.85,10,-0.5688811681837026,-0.33794645131924245,400,74,71800,239333
8192,2,0.85,11,-0.5674595392771371,-0.08745104421116981,428,60,58208,194027
8192,2,0.85,12,-0.5883005376443513,-0.38102873682614374,418,83,83849,279497
8192,2,0.85,13,-0.5826015842987456,-0.34562812046126573,408,78,78434,261447
8192,2,0.85,14,-0.6152008260262106,0.057675935538242094,400,46,44823,149410
8192,2,0.85,15,-0.5534388404165059,0.10217850865774569,426,45,40760,135867
8192,2,0.85,16,-0.5768252048387421,-0.2217900786570953,416,68,67085,223617
8192,2,0.85,17,-0.6061444545160131,-0.1823042988746367,402,61,58798,195993
8192,2,0.85,18,-0.5799169024904325,-0.38432048538632463,422,85,83555,278517
8192,2,0.85,19,-0.5879598413765545,-0.33265538930935157,400,74,74002,246673
8192,2,0.85,20,-0.587706796036025,-0.17498195880890682,400,60,59690,198967
8192,2,0.85,21,-0.6018435767884959,-0.29744814990186524,426,73,70919,236397
8192,2,0.85,22,-0.5702808044450509,-0.32810643952083235,400,74,73044,243480
8192,2,0.85,23,-0.5652423381455661,-0.11481548768267828,424,58,55942,186473
8192,2,0.85,24,-0.5842319637658048,-0.34454718993441785,408,78,79212,264040
8192,2,0.85,25,-0.5905304920531705,-0.32820686716301,400,74,73856,246187
8192,2,0.85,26,-0.6132535151859629,-0.0077291905084817,408,50,46241,154137
8192,2,0.85,27,-0.5816437344898211,-0.42518746108463523,422,85,83829,279430
8192,2,0.85,28,-0.5834126823262594,-0.17070208774354753,404,62,60801,202670
8192,2,0.85,29,-0.5886372745177346,-0.3108838445858268,400,74,74727,249090
8192,2,0.9,0,-0.5805717506518205,-0.3902253362695301,426,87,88260,294200
8192,2,0.9,1,-0.6050984610884962,-0.17049549777085146,404,62,61781,205937
8192,2,0.9,2,-0.5511461044364064,-0.4204471147956593,402,89,89644,298813
8192,2,0.9,3,-0.5904091459735333,-0.33128331638910785,400,74,72916,243053
8192,2,0.9,4,-0.5620827669234584,-0.46004681940743103,422,99,103183,343943
8192,2,0.9,5,-0.5608211480669835,-0.4636100285887569,422,99,103000,343333
8192,2,0.9,6,-0.5280623913536705,-0.5484220870000825,400,102,103356,344520
8192,2,0.9,7,-0.5658063424829691,-0.46864625673719057,402,89,91161,303870
8192,2,0.9,8,-0.5157171182918561,-0.5791013417194697,400,116,119735,399117
8192,2,0.9,9,-0.5601512413932573,-0.12456040588593113,428,60,55940,186467
8192,2,0.9,10,-0.56240617878456,-0.39392624341077376,422,85,83217,277390
8192,2,0.9,11,-0.5700695200147124,-0.3468579316245413,400,74,73018,243393
8192,2,0.9,12,-0.5672264774429431,-0.4743716080895028,418,97,99263,330877
8192,2,0.9,13,-0.5430699681375343,-0.5189458517320377,400,102,102254,340847
8192,2,0.9,14,-0.5924851728011737,-0.33011399165862965,400,74,75673,252243
8192,2,0.9,15,-0.5603806792862309,-0.23924024198273727,418,69,67521,225070
8192,2,0.9,16,-0.566123721857993,-0.32530206706730463,404,76,74187,247290
8192,2,0.9,17,-0.5460242069602097,-0.5137753619251407,400,102,105707,352357
8192,2,0.9,18,-0.5662201371961905,-0.47623713205759033,408,92,93079,310263
8192,2,0.9,19,-0.5431681325358557,-0.5263690399018052,400,102,103737,345790
8192,2,0.9,20,-0.5747910507662716,-0.32072445225921875,400,74,75361,251203
8192,2,0.9,21,-0.5942727876254158,-0.33551547585904296,400,74,73723,245743
8192,2,0.9,22,-0.5485852029991658,-0.4705369928640864,412,94,96422,321407
8192,2,0.9,23,-0.5603686593886344,-0.19203716323675069,400,60,57696,192320
8192,2,0.9,24,-0.5649790759499618,-0.43079774831321815,400,88,88221,294070
8192,2,0.9,25,-0.5460009842196087,-0.5224378651508976,400,102,104943,349810
8192,2,0.9,26,-0.6004237893309566,-0.23424859309386492,414,67,63583,211943
8192,2,0.9,27,-0.5597206004916216,-0.503369307016714,426,101,101339,337797
8192,2,0.9,28,-0.5597424043418037,-0.47003762926053255,424,100,100652,335507
8192,2,0.9,29,-0.5875663051553838,-0.3511999742895167,402,75,76139,253797
8192,2,0.95,0,-0.47739471571708436,-0.5308843458336088,400,130,136658,455527
8192,2,0.95,1,-0.5105152971750764,-0.5389598914887554,406,119,124245,414150
8192,2,0.95,2,-0.45615512515264545,-0.539250578591604,410,135,141208,470693
8192,2,0.95,3,-0.5139254828873724,-0.5666410774098375,400,116,117823,392743
8192,2,0.95,4,-0.43323664227663267,-0.49438650565787895,400,144,152846,509487
8192,2,0.95,5,-0.4316367725259569,-0.48659762296816006,400,144,153922,513073
8192,2,0.95,6,-0.5348240227165346,-0.5473131058599662,428,116,120377,401257
8192,2,0.95,7,-0.4766937515681145,-0.5691191061961144,400,130,134788,449293
8192,2,0.95,8,-0.5156420614930923,-0.5856914949458224,402,117,118575,395250
8192,2,0.95,9,-0.5591331386114814,-0.521624783450584,426,101,100779,335930
8192,2,0.95,10,-0.5146961914043259,-0.5412892163526793,400,116,118530,395100
8192,2,0.95,11,-0.49712875788470545,-0.5359752359254479,400,116,119756,399187
8192,2,0.95,12,-0.475833914823222,-0.541468230715426,414,137,142516,475053
8192,2,0.95,13,-0.3693590067413652,-0.42017534394147,400,158,166279,554263
8192,2,0.95,14,-0.4780910459657809,-0.5592538040078238,400,130,134944,449813
8192,2,0.95,15,-0.5386663168440593,-0.4439298464893903,400,88,89565,298550
8192,2,0.95,16,-0.527322096779982,-0.5243801222497197,400,102,103091,343637
8192,2,0.95,17,-0.47874454844676756,-0.5475068469677656,400,130,133097,443657
8192,2,0.95,18,-0.5450776666297491,-0.5400088341392056,400,102,102439,341463
8192,2,0.95,19,-0.5142875020598385,-0.5718406728755292,400,116,117662,392207
8192,2,0.95,20,-0.5297111204488452,-0.483305420597103,400,102,107176,357253
8192,2,0.95,21,-0.5738606276318364,-0.4469353135248014,400,88,88901,296337
8192,2,0.95,22,-0.524430184861392,-0.5070932406402353,410,107,111971,373237
8192,2,0.95,23,-0.546612731674666,-0.5517196281960434,400,102,102814,342713
8192,2,0.95,24,-0.505812886246798,-0.5642712482573886,414,123,127876,426253
8192,2,0.95,25,-0.47832470558269313,-0.5716771715113835,400,130,136213,454043
8192,2,0.95,26,-0.5882196546459376,-0.3552076570904105,404,76,73122,243740
8192,2,0.95,27,-0.5126918885517467,-0.5633319089811275,404,118,121305,404350
8192,2,0.95,28,-0.478208839165405,-0.5530572262096674,400,130,133879,446263
8192,2,0.95,29,-0.477434100295082,-0.5424258410179984,400,130,136329,454430
8192,2,1.0,0,0.06497768464341433,0.030428432007729787,400,200,213216,710720
8192,2,1.0,1,0.07935022195748165,0.04023018840093337,400,200,213896,712987
8192,2,1.0,2,0.07817574245764038,0.024933382946383992,400,200,211772,705907
8192,2,1.0,3,0.07551712206882734,0.021370892193137855,400,200,211188,703960
8192,2,1.0,4,0.07827864503159836,0.03644697409376219,400,200,212514,708380
8192,2,1.0,5,0.06614195621629107,0.015251569283103053,400,200,215238,717460
8192,2,1.0,6,0.07075974780176492,0.029868607209868055,400,200,212223,707410
8192,2,1.0,7,0.08261842778359861,0.008637414094292988,400,200,208739,695797
8192,2,1.0,8,0.06742832487889931,0.013709804474557462,400,200,210178,700593
8192,2,1.0,9,0.07513860881316611,0.03825605084911737,400,200,210569,701897
8192,2,1.0,10,0.07860461404491119,0.021449825421875002,400,200,209181,697270
8192,2,1.0,11,0.06515033524355655,0.04589388953205529,400,200,211846,706153
8192,2,1.0,12,0.06715781923855924,0.039457895214290536,400,200,213729,712430
8192,2,1.0,13,0.06968370695531571,0.030732211467672098,400,200,215007,716690
8192,2,1.0,14,0.0663563893967293,0.02566200299859822,400,200,214956,716520
8192,2,1.0,15,0.07383915386443486,0.02285099627733405,400,200,210104,700347
8192,2,1.0,16,0.08450374183131527,0.033013350551086944,400,200,211234,704113
8192,2,1.0,17,0.06616350443236807,0.01200202164182014,400,200,210472,701573
8192,2,1.0,18,0.07962125512047524,0.01829924635032047,400,200,210149,700497
8192,2,1.0,19,0.06910184602192906,0.028704581751182165,400,200,211153,703843
8192,2,1.0,20,0.061454486870590325,0.019365740725383697,400,200,214812,716040
8192,2,1.0,21,0.07296195311454522,0.023205172123875656,400,200,214578,715260
8192,2,1.0,22,0.07439843192541316,0.022763182510557003,400,200,210825,702750
8192,2,1.0,23,0.07775487558550057,0.034466017619882605,400,200,210736,702453
8192,2,1.0,24,0.1076065759954234,0.038907554690145875,400,200,211985,706617
8192,2,1.0,25,0.07697220690709557,0.023393829330530105,400,200,210241,700803
8192,2,1.0,26,0.07864312577558784,0.03338356662241965,400,200,211810,706033
8192,2,1.0,27,0.07255430693552518,0.03251649933005842,400,200,212568,708560
8192,2,1.0,28,0.07770581220120967,0.011349998804692268,400,200,214091,713637
8192,2,1.0,29,0.09222241422482054,0.04516822818895054,400,200,213298,710993
8192,1,0.0,0,0.18736276598499174,0.7243485692617073,420,14,7376,24587
8192,1,0.0,1,0.19327279496462593,0.7624239525483002,420,14,7318,24393
8192,1,0.0,2,0.19199291639240088,0.74108028274082,420,14,7272,24240
8192,1,0.0,3,0.19131204179486377,0.7453837796472147,420,14,7293,24310
8192,1,0.0,4,0.1927374474691474,0.7809824119860697,420,14,7338,24460
8192,1,0.0,5,0.18757590085612288,0.7402257641993188,420,14,7271,24237
8192,1,0.0,6,0.191775372472672,0.741768145369622,420,14,7304,24347
8192,1,0.0,7,0.19319120255468913,0.7586618275648096,420,14,7310,24367
8192,1,0.0,8,0.19084120633699878,0.7506043454455564,420,14,7370,24567
8192,1,0.0,9,0.19242317412221405,0.7712266235778116,420,14,7343,24477
8192,1,0.0,10,0.18938050921244082,0.7367359757683922,420,14,7301,24337
8192,1,0.0,11,0.19385805937035444,0.7535011455828402,420,14,7304,24347
8192,1,0.0,12,0.18790228830697964,0.7263066538763641,420,14,7316,24387
8192,1,0.0,13,0.19038810570080836,0.7720303430067171,420,14,7302,24340
8192,1,0.0,14,0.19235199427994587,0.7638728076322812,420,14,7306,24353
8192,1,0.0,15,0.19367158111547306,0.7614413938110172,420,14,7293,24310
8192,1,0.0,16,0.1921714753678692,0.7806873741196898,420,14,7308,24360
8192,1,0.0,17,0.18985419455190308,0.7131972458150433,420,14,7283,24277
8192,1,0.0,18,0.18926444228668055,0.7689867439954263,420,14,7242,24140
8192,1,0.0,19,0.18941277236841664,0.7292016380988365,420,14,7242,24140
8192,1,0.0,20,0.19151571963784964,0.7636341063520578,420,14,7321,24403
8192,1,0.0,21,0.19039395660911776,0.7466068053677288,420,14,7312,24373
8192,1,0.0,22,0.1901191854849615,0.7746770347088363,420,14,7270,24233
8192,1,0.0,23,0.1906521747028383,0.7748380085040084,420,14,7291,24303
8192,1,0.0,24,0.18885814640591742,0.7291041230610137,420,14,7337,24457
8192,1,0.0,25,0.19090897176084226,0.7642849197618107,420,14,7301,24337
8192,1,0.0,26,0.19178613498680583,0.7459517077555833,420,14,7235,24117
8192,1,0.0,27,0.1935007733434952,0.7754522084710671,420,14,7296,24320
8192,1,0.0,28,0.1717084055937767,0.7390172996629164,420,14,6778,22593
8192,1,0.0,29,0.16970744335331106,0.7302407198056519,420,14,6812,22707
8192,1,0.05,0,-0.015163071057468683,0.7055150034272829,422,16,9238,30793
8192,1,0.05,1,-0.21989568506335264,0.7109804278174711,423,17,10435,34783
8192,1,0.05,2,0.19199291639240088,0.74108028274082,420,14,7272,24240
8192,1,0.05,3,0.06371068597616163,0.6922441901585099,421,15,8308,27693
8192,1,0.05,4,0.05032089389140641,0.7557023786793685,421,15,8439,28130
8192,1,0.05,5,-0.11987793312056975,0.695875145923092,423,17,10329,34430
8192,1,0.05,6,0.191775372472672,0.741768145369622,420,14,7304,24347
8192,1,0.05,7,0.19319120255468913,0.7586618275648096,420,14,7310,24367
8192,1,0.05,8,0.19084120633699878,0.7506043454455564,420,14,7370,24567
8192,1,0.05,9,0.19242317412221405,0.7712266235778116,420,14,7343,24477
8192,1,0.05,10,0.18938050921244082,0.7367359757683922,420,14,7301,24337
8192,1,0.05,11,0.001496510722826607,0.7202214555962669,422,16,9089,30297
8192,1,0.05,12,0.18790228830697964,0.7263066538763641,420,14,7316,24387
8192,1,0.05,13,0.19038810570080836,0.7720303430067171,420,14,7302,24340
8192,1,0.05,14,0.19235199427994587,0.7638728076322812,420,14,7306,24353
8192,1,0.05,15,-0.07009917987779078,0.7194838550132773,422,16,9544,31813
8192,1,0.05,16,0.06011206845156047,0.7586129176327193,421,15,8312,27707
8192,1,0.05,17,0.022082510213830977,0.7054494289076196,421,15,8560,28533
8192,1,0.05,18,0.18926444228668055,0.7689867439954263,420,14,7242,24140
8192,1,0.05,19,0.18941277236841664,0.7292016380988365,420,14,7242,24140
8192,1,0.05,20,0.19151571963784964,0.7636341063520578,420,14,7321,24403
8192,1,0.05,21,0.19039395660911776,0.7466068053677288,420,14,7312,24373
8192,1,0.05,22,0.1901191854849615,0.7746770347088363,420,14,7270,24233
8192,1,0.05,23,0.1906521747028383,0.7748380085040084,420,14,7291,24303
8192,1,0.05,24,0.18885814640591742,0.7291041230610137,420,14,7337,24457
8192,1,0.05,25,-0.02737061485152384,0.7213364004895936,421,15,8299,27663
8192,1,0.05,26,0.08024740385088085,0.7663520831135661,421,15,8212,27373
8192,1,0.05,27,0.1935007733434952,0.7754522084710671,420,14,7296,24320
8192,1,0.05,28,-0.03795142662076149,0.6964503201357388,421,15,8300,27667
8192,1,0.05,29,-0.34512384529377926,0.6862874198396589,424,18,11289,37630
8192,1,0.1,0,-0.020785167605179018,0.6923179639939894,422,16,9276,30920
8192,1,0.1,1,-0.265419276687269,0.6820631332026709,423,17,10947,36490
8192,1,0.1,2,0.19199291639240088,0.74108028274082,420,14,7272,24240
8192,1,0.1,3,-0.26881990700245695,0.688835106332628,423,17,10972,36573
8192,1,0.1,4,0.05032089389140641,0.7557023786793685,421,15,8439,28130
8192,1,0.1,5,-0.24080496813912514,0.6875642422342262,423,17,10656,35520
8192,1,0.1,6,0.191775372472672,0.741768145369622,420,14,7304,24347
8192,1,0.1,7,-0.2462794345766868,0.6965776275326353,423,17,10671,35570
8192,1,0.1,8,-0.03584668977989951,0.7242801294528836,422,16,9381,31270
8192,1,0.1,9,-0.14714797644029126,0.7246121144765612,423,17,10579,35263
8192,1,0.1,10,0.18938050921244082,0.7367359757683922,420,14,7301,24337
8192,1,0.1,11,0.0988426348983371,0.7439133742608096,421,15,8160,27200
8192,1,0.1,12,-0.030561494297275425,0.6863074632149571,422,16,9264,30880
8192,1,0.1,13,-0.02277737207832099,0.73626225792641,422,16,9240,30800
8192,1,0.1,14,-0.009810438895316137,0.7181286548331084,422,16,8390,27967
8192,1,0.1,15,-0.017738924617391023,0.7288466358795517,422,16,9191,30637
8192,1,0.1,16,-0.29981435616287266,0.7318381473767334,424,18,11643,38810
8192,1,0.1,17,0.022082510213830977,0.7054494289076196,421,15,8560,28533
8192,1,0.1,18,0.18926444228668055,0.7689867439954263,420,14,7242,24140
8192,1,0.1,19,-0.11688570238050491,0.68987286480913,423,17,10207,34023
8192,1,0.1,20,0.19151571963784964,0.7636341063520578,420,14,7321,24403
8192,1,0.1,21,0.19039395660911776,0.7466068053677288,420,14,7312,24373
8192,1,0.1,22,-0.14074693012796713,0.7199995912238638,422,16,9426,31420
8192,1,0.1,23,0.1906521747028383,0.7748380085040084,420,14,7291,24303
8192,1,0.1,24,0.06773325409302233,0.6986483184275557,421,15,8316,27720
8192,1,0.1,25,-0.02737061485152384,0.7213364004895936,421,15,8299,27663
8192,1,0.1,26,0.08024740385088085,0.7663520831135661,421,15,8212,27373
8192,1,0.1,27,0.1935007733434952,0.7754522084710671,420,14,7296,24320
8192,1,0.1,28,-0.03795142662076149,0.6964503201357388,421,15,8300,27667
8192,1,0.1,29,-0.4277008168272378,0.6614648320866816,426,20,13152,43840
8192,1,0.15,0,-0.020785167605179018,0.6923179639939894,422,16,9276,30920
8192,1,0.15,1,-0.25068134857377455,0.669106741841355,424,18,11083,36943
8192,1,0.15,2,-0.031127666997997187,0.6998052755227288,421,15,8279,27597
8192,1,0.15,3,-0.26881990700245695,0.688835106332628,423,17,10972,36573
8192,1,0.15,4,0.05032089389140641,0.7557023786793685,421,15,8439,28130
8192,1,0.15,5,-0.3507547480163659,0.6787079070558493,425,19,12725,42417
8192,1,0.15,6,0.191775372472672,0.741768145369622,420,14,7304,24347
8192,1,0.15,7,-0.2462794345766868,0.6965776275326353,423,17,10671,35570
8192,1,0.15,8,-0.03584668977989951,0.7242801294528836,422,16,9381,31270
8192,1,0.15,9,-0.418982259242092,0.6896407458117244,424,18,11009,36697
8192,1,0.15,10,-0.10890760191532438,0.6918625033544694,422,16,9282,30940
8192,1,0.15,11,0.0988426348983371,0.7439133742608096,421,15,8160,27200
8192,1,0.15,12,-0.2631061830747843,0.6635175896850688,424,18,11320,37733
8192,1,0.15,13,-0.21020789095466072,0.6869397382500234,423,17,10310,34367
8192,1,0.15,14,-0.3653687849594338,0.6680274561812101,426,20,13259,44197
8192,1,0.15,15,-0.11111976517629332,0.702509468756564,423,17,10202,34007
8192,1,0.15,16,-0.29981435616287266,0.7318381473767334,424,18,11643,38810
8192,1,0.15,17,-0.17570770198854008,0.7058134818878269,424,18,11228,37427
8192,1,0.15,18,0.18926444228668055,0.7689867439954263,420,14,7242,24140
8192,1,0.15,19,-0.11688570238050491,0.68987286480913,423,17,10207,34023
8192,1,0.15,20,-0.4455208273826659,0.6620683944145334,425,19,12946,43153
8192,1,0.15,21,0.19039395660911776,0.7466068053677288,420,14,7312,24373
8192,1,0.15,22,-0.14074693012796713,0.7199995912238638,422,16,9426,31420
8192,1,0.15,23,-0.14099523663772823,0.6974009606920542,423,17,10474,34913
8192,1,0.15,24,0.06773325409302233,0.6986483184275557,421,15,8316,27720
8192,1,0.15,25,-0.33608106925258346,0.6796884528918415,425,19,12422,41407
8192,1,0.15,26,0.08024740385088085,0.7663520831135661,421,15,8212,27373
8192,1,0.15,27,0.1935007733434952,0.7754522084710671,420,14,7296,24320
8192,1,0.15,28,-0.2471133188418037,0.6631887336415275,424,18,11044,36813
8192,1,0.15,29,-0.4277008168272378,0.6614648320866816,426,20,13152,43840
8192,1,0.2,0,0.017971871702531773,0.7279338726152466,422,16,9031,30103
8192,1,0.2,1,-0.32960687657527443,0.6869323753636434,424,18,10686,35620
8192,1,0.2,2,-0.031127666997997187,0.6998052755227288,421,15,8279,27597
8192,1,0.2,3,-0.26881990700245695,0.688835106332628,423,17,10972,36573
8192,1,0.2,4,-0.3392008718673788,0.6932405807629457,424,18,11267,37557
8192,1,0.2,5,0.0025552843330090857,0.7074123971430994,421,15,8161,27203
8192,1,0.2,6,0.191775372472672,0.741768145369622,420,14,7304,24347
8192,1,0.2,7,-0.2462794345766868,0.6965776275326353,423,17,10671,35570
8192,1,0.2,8,-0.11955942104370498,0.7135536026833381,422,16,9264,30880
8192,1,0.2,9,-0.418982259242092,0.6896407458117244,424,18,11009,36697
8192,1,0.2,10,-0.38326363701184857,0.652497664178828,427,21,13914,46380
8192,1,0.2,11,0.0988426348983371,0.7439133742608096,421,15,8160,27200
8192,1,0.2,12,-0.2631061830747843,0.6635175896850688,424,18,11320,37733
8192,1,0.2,13,-0.21020789095466072,0.6869397382500234,423,17,10310,34367
8192,1,0.2,14,-0.3973488846694309,0.6695882234218501,427,21,14136,47120
8192,1,0.2,15,-0.16355448783956225,0.6854729422679925,423,17,10691,35637
8192,1,0.2,16,-0.29981435616287266,0.7318381473767334,424,18,11643,38810
8192,1,0.2,17,-0.21301070884530102,0.6982500499771086,424,18,11596,38653
8192,1,0.2,18,-0.1938044680442658,0.7025544491381062,422,16,9106,30353
8192,1,0.2,19,-0.11688570238050491,0.68987286480913,423,17,10207,34023
8192,1,0.2,20,-0.4868918811837617,0.6569775252751919,426,20,13951,46503
8192,1,0.2,21,-0.2756366586548696,0.7113366814574466,424,18,11461,38203
8192,1,0.2,22,-0.4959491470089317,0.6455334969524386,426,20,13962,46540
8192,1,0.2,23,-0.11576362081915724,0.6986076360210124,423,17,10246,34153
8192,1,0.2,24,-0.23158823204409795,0.6764589580945434,424,18,11044,36813
8192,1,0.2,25,-0.37440528228277686,0.5952606718959625,426,20,13330,44433
8192,1,0.2,26,-0.16606817362357226,0.705765009522696,424,18,11112,37040
8192,1,0.2,27,0.06413990489634346,0.7597939659290271,421,15,8306,27687
8192,1,0.2,28,-0.2471133188418037,0.6631887336415275,424,18,11044,36813
8192,1,0.2,29,-0.4277008168272378,0.6614648320866816,426,20,13152,43840
8192,1,0.25,0,-0.4070264581555309,0.6440886332017869,428,22,15957,53190
8192,1,0.25,1,-0.5591132933444268,0.6195529950427405,429,23,16518,55060
8192,1,0.25,2,-0.031127666997997187,0.6998052755227288,421,15,8279,27597
8192,1,0.25,3,-0.5118296425356716,0.6441390849833475,428,22,15424,51413
8192,1,0.25,4,-0.4005286507794484,0.668283275604551,427,21,14190,47300
8192,1,0.25,5,-0.08615385317280193,0.7021965305588485,422,16,9084,30280
8192,1,0.25,6,-0.2096559943968076,0.6929212889553544,424,18,11555,38517
8192,1,0.25,7,-0.2462794345766868,0.6965776275326353,423,17,10671,35570
8192,1,0.25,8,-0.1489769520149694,0.7059441064888393,422,16,9414,31380
8192,1,0.25,9,-0.5517204330339371,0.6635831375519654,427,21,14287,47623
8192,1,0.25,10,-0.4345001677624854,0.6353978231482903,429,23,15437,51457
8192,1,0.25,11,-0.11718505671537702,0.7123008363970789,423,17,10343,34477
8192,1,0.25,12,-0.1748146356049519,0.6838085870130305,423,17,10158,33860
8192,1,0.25,13,-0.21020789095466072,0.6869397382500234,423,17,10310,34367
8192,1,0.25,14,-0.3971177498203308,0.6431696515082388,426,20,13737,45790
8192,1,0.25,15,-0.22811362694698628,0.6754643887614424,424,18,11791,39303
8192,1,0.25,16,-0.3896379239142974,0.7091829205211467,426,20,13554,45180
8192,1,0.25,17,-0.447072409062518,0.6560169493000692,425,19,12956,43187
8192,1,0.25,18,-0.4319083946992502,0.677793515252983,426,20,13097,43657
8192,1,0.25,19,-0.11688570238050491,0.68987286480913,423,17,10207,34023
8192,1,0.25,20,-0.5166778940472154,0.6336165221939777,427,21,14826,49420
8192,1,0.25,21,-0.23314892085215275,0.7206116049752271,423,17,10611,35370
8192,1,0.25,22,-0.4959491470089317,0.6455334969524386,426,20,13962,46540
8192,1,0.25,23,-0.11576362081915724,0.6986076360210124,423,17,10246,34153
8192,1,0.25,24,-0.23158823204409795,0.6764589580945434,424,18,11044,36813
8192,1,0.25,25,-0.37440528228277686,0.5952606718959625,426,20,13330,44433
8192,1,0.25,26,-0.16606817362357226,0.705765009522696,424,18,11112,37040
8192,1,0.25,27,-0.5629113765733276,0.6312215256927073,429,23,16362,54540
8192,1,0.25,28,-0.2607582299050628,0.6686668822958874,424,18,11163,37210
8192,1,0.25,29,-0.5403908965824246,0.6396220400084518,429,23,16398,54660
8192,1,0.3,0,-0.4606213542979216,0.622269920711609,400,23,17298,57660
8192,1,0.3,1,-0.5678335397355428,0.6069251241649999,429,23,16634,55447
8192,1,0.3,2,-0.031127666997997187,0.6998052755227288,421,15,8279,27597
8192,1,0.3,3,-0.5118296425356716,0.6441390849833475,428,22,15424,51413
8192,1,0.3,4,-0.4005286507794484,0.668283275604551,427,21,14190,47300
8192,1,0.3,5,-0.6112845168456099,0.5912951272183902,402,25,18929,63097
8192,1,0.3,6,-0.3629892183214059,0.665801878286858,426,20,13159,43863
8192,1,0.3,7,-0.2462794345766868,0.6965776275326353,423,17,10671,35570
8192,1,0.3,8,-0.610867820734406,0.6098450322463367,402,25,18775,62583
8192,1,0.3,9,-0.5517204330339371,0.6635831375519654,427,21,14287,47623
8192,1,0.3,10,-0.32497181184739554,0.6496193966304256,426,20,12880,42933
8192,1,0.3,11,-0.17524007778647505,0.7064337100603256,424,18,11241,37470
8192,1,0.3,12,-0.1748146356049519,0.6838085870130305,423,17,10158,33860
8192,1,0.3,13,-0.5017525050181922,0.6362030827894425,428,22,15110,50367
8192,1,0.3,14,-0.5064996195814644,0.6087742928409137,400,23,16908,56360
8192,1,0.3,15,-0.22811362694698628,0.6754643887614424,424,18,11791,39303
8192,1,0.3,16,-0.050801581656716575,0.7059809830248736,421,15,8363,27877
8192,1,0.3,17,-0.447072409062518,0.6560169493000692,425,19,12956,43187
8192,1,0.3,18,-0.46724091424017394,0.6269284000734698,427,21,14007,46690
8192,1,0.3,19,-0.11688570238050491,0.68987286480913,423,17,10207,34023
8192,1,0.3,20,-0.46481024378215186,0.655489563921822,427,21,14044,46813
8192,1,0.3,21,-0.26406148637624216,0.7173517372204186,424,18,11304,37680
8192,1,0.3,22,-0.6036106407687373,0.580721459438445,400,23,17551,58503
8192,1,0.3,23,-0.19722277219235443,0.6765440972441216,425,19,11743,39143
8192,1,0.3,24,-0.2184347347930438,0.6744442602533387,424,18,10911,36370
8192,1,0.3,25,-0.37440528228277686,0.5952606718959625,426,20,13330,44433
8192,1,0.3,26,-0.4716384534309161,0.6861865285710491,426,20,13321,44403
8192,1,0.3,27,-0.5629113765733276,0.6312215256927073,429,23,16362,54540
8192,1,0.3,28,-0.2607582299050628,0.6686668822958874,424,18,11163,37210
8192,1,0.3,29,-0.5372875362196495,0.6482801201406639,429,23,16330,54433
8192,1,0.35,0,-0.18992067465373236,0.7344080779603074,423,17,10247,34157
8192,1,0.35,1,-0.6053759775655493,0.5618081243974453,401,24,17908,59693
8192,1,0.35,2,-0.5185002449805037,0.6389157185751679,428,22,15189,50630
8192,1,0.35,3,-0.7195565754795319,0.5124466208142109,404,27,21167,70557
8192,1,0.35,4,-0.4005286507794484,0.668283275604551,427,21,14190,47300
8192,1,0.35,5,-0.6115407970366544,0.608563531118076,402,25,18877,62923
8192,1,0.35,6,-0.3629892183214059,0.665801878286858,426,20,13159,43863
8192,1,0.35,7,-0.5595150854159392,0.6926842238227843,427,21,14212,47373
8192,1,0.35,8,-0.6376039511135884,0.5644614210390826,403,26,20016,66720
8192,1,0.35,9,-0.5366108217837026,0.6364437810953676,426,20,13335,44450
8192,1,0.35,10,-0.32497181184739554,0.6496193966304256,426,20,12880,42933
8192,1,0.35,11,-0.22061240378370833,0.6884557228536835,425,19,12075,40250
8192,1,0.35,12,-0.24220916514852478,0.6758429390161034,424,18,11129,37097
8192,1,0.35,13,-0.5017525050181922,0.6362030827894425,428,22,15110,50367
8192,1,0.35,14,-0.6323410959851503,0.577118337867705,401,24,17375,57917
8192,1,0.35,15,-0.22811362694698628,0.6754643887614424,424,18,11791,39303
8192,1,0.35,16,-0.050801581656716575,0.7059809830248736,421,15,8363,27877
8192,1,0.35,17,-0.5047692904276283,0.6328651106388685,429,23,16880,56267
8192,1,0.35,18,-0.46724091424017394,0.6269284000734698,427,21,14007,46690
8192,1,0.35,19,-0.17322524362840985,0.6917469580557127,423,17,10067,33557
8192,1,0.35,20,-0.46481024378215186,0.655489563921822,427,21,14044,46813
8192,1,0.35,21,-0.3678605648151714,0.6790649356720649,426,20,13279,44263
8192,1,0.35,22,-0.5624086465238279,0.6215858014304031,429,23,16653,55510
8192,1,0.35,23,-0.583197441774229,0.5540438422519508,405,28,22600,75333
8192,1,0.35,24,-0.2184347347930438,0.6744442602533387,424,18,10911,36370
8192,1,0.35,25,-0.5355152150624728,0.6022871373438605,429,23,16249,54163
8192,1,0.35,26,-0.4716384534309161,0.6861865285710491,426,20,13321,44403
8192,1,0.35,27,-0.5688237275146454,0.6238162869824065,429,23,16537,55123
8192,1,0.35,28,-0.5094875476586105,0.6420208573391201,428,22,15216,50720
8192,1,0.35,29,-0.5372875362196495,0.6482801201406639,429,23,16330,54433
8192,1,0.4,0,-0.3396908091410373,0.704979947661999,425,19,12581,41937
8192,1,0.4,1,-0.6053759775655493,0.5618081243974453,401,24,17908,59693
8192,1,0.4,2,-0.5185002449805037,0.6389157185751679,428,22,15189,50630
8192,1,0.4,3,-0.7164415095350961,0.5738105543695305,403,26,20531,68437
8192,1,0.4,4,-0.5050911861744602,0.6563150101404064,427,21,14650,48833
8192,1,0.4,5,-0.6750140941726366,0.5293769461609039,407,30,23140,77133
8192,1,0.4,6,-0.3629892183214059,0.665801878286858,426,20,13159,43863
8192,1,0.4,7,-0.5595150854159392,0.6926842238227843,427,21,14212,47373
8192,1,0.4,8,-0.6398378036558348,0.5614062050836971,403,26,20138,67127
8192,1,0.4,9,-0.6148485824936019,0.6162538217922606,429,23,16247,54157
8192,1,0.4,10,-0.4153557000770033,0.6476420132736511,426,20,13089,43630
8192,1,0.4,11,-0.6409300884730501,0.5684908372939275,402,25,19578,65260
8192,1,0.4,12,-0.6040134543201571,0.591545758517336,401,24,17960,59867
8192,1,0.4,13,-0.5078537838656625,0.6495267215548783,428,22,15186,50620
8192,1,0.4,14,-0.6990215419407522,0.5694385759797949,404,27,20710,69033
8192,1,0.4,15,-0.3632701784652154,0.6662787849783457,424,18,12457,41523
8192,1,0.4,16,-0.02525812709563086,0.7087131621847031,421,15,8233,27443
8192,1,0.4,17,-0.4696141982275482,0.6621740385870232,428,22,15746,52487
8192,1,0.4,18,-0.41109550651736937,0.6519934625088426,427,21,14330,47767
8192,1,0.4,19,-0.24809464635171216,0.6743041300233037,424,18,11096,36987
8192,1,0.4,20,-0.6280109936806496,0.6165890481195532,429,23,16743,55810
8192,1,0.4,21,-0.47923760008274124,0.6519598293524882,429,23,16392,54640
8192,1,0.4,22,-0.5682287901570625,0.6173833559612423,429,23,16860,56200
8192,1,0.4,23,-0.5812742259151156,0.5425955887581748,405,28,22518,75060
8192,1,0.4,24,-0.2184347347930438,0.6744442602533387,424,18,10911,36370
8192,1,0.4,25,-0.5549064866369214,0.6138867244164637,400,23,18237,60790
8192,1,0.4,26,-0.4716384534309161,0.6861865285710491,426,20,13321,44403
8192,1,0.4,27,-0.6194203983198558,0.6137181240403939,400,23,17599,58663
8192,1,0.4,28,-0.7179953795345047,0.5347305276174822,404,27,21471,71570
8192,1,0.4,29,-0.5372875362196495,0.6482801201406639,429,23,16330,54433
8192,1,0.45,0,-0.5754790528391408,0.5767537850704155,403,26,19638,65460
8192,1,0.45,1,-0.5931285642374892,0.5618874144285482,400,23,17142,57140
8192,1,0.45,2,-0.5185002449805037,0.6389157185751679,428,22,15189,50630
8192,1,0.45,3,-0.7164415095350961,0.5738105543695305,403,26,20531,68437
8192,1,0.45,4,-0.48945411399626787,0.6633242424359612,427,21,14377,47923
8192,1,0.45,5,-0.48729024037355473,0.6188436594963104,400,23,16550,55167
8192,1,0.45,6,-0.53526412212937,0.6179809038838165,429,23,16041,53470
8192,1,0.45,7,-0.7223402751725982,0.5769796172726297,404,27,21413,71377
8192,1,0.45,8,-0.6398378036558348,0.5614062050836971,403,26,20138,67127
8192,1,0.45,9,-0.7233018451966048,0.5531042429338215,403,26,21052,70173
8192,1,0.45,10,-0.4153557000770033,0.6476420132736511,426,20,13089,43630
8192,1,0.45,11,-0.6501549076365903,0.5641378249831491,402,25,19904,66347
8192,1,0.45,12,-0.6933521686319529,0.5093662629159111,406,29,23592,78640
8192,1,0.45,13,-0.5898792541371521,0.6063158599998427,401,24,17599,58663
8192,1,0.45,14,-0.6990215419407522,0.5694385759797949,404,27,20710,69033
8192,1,0.45,15,-0.5019601089095169,0.589169828400154,429,23,16830,56100
8192,1,0.45,16,-0.5337335403655357,0.6114036801286128,429,23,16001,53337
8192,1,0.45,17,-0.4696141982275482,0.6621740385870232,428,22,15746,52487
8192,1,0.45,18,-0.7104186275343846,0.5514570340431945,405,28,21612,72040
8192,1,0.45,19,-0.5063815767247802,0.6214530394588221,400,23,16756,55853
8192,1,0.45,20,-0.7535447461458946,0.514576358785911,408,31,25133,83777
8192,1,0.45,21,-0.47923760008274124,0.6519598293524882,429,23,16392,54640
8192,1,0.45,22,-0.5977773344540454,0.601208262651071,400,23,17473,58243
8192,1,0.45,23,-0.6228852632079828,0.5289988656562565,405,28,22346,74487
8192,1,0.45,24,-0.47235489827676097,0.6292901187566162,429,23,16403,54677
8192,1,0.45,25,-0.5867621248626834,0.5706284686166533,402,25,19967,66557
8192,1,0.45,26,-0.420105452287549,0.6862444738761782,427,21,14291,47637
8192,1,0.45,27,-0.6194203983198558,0.6137181240403939,400,23,17599,58663
8192,1,0.45,28,-0.6776467779748179,0.6083126987833151,401,24,18399,61330
8192,1,0.45,29,-0.5372875362196495,0.6482801201406639,429,23,16330,54433
8192,1,0.5,0,-0.6063848196142135,0.5675741621694788,404,27,21227,70757
8192,1,0.5,1,-0.6641756508054316,0.5606101118691411,401,24,17662,58873
8192,1,0.5,2,-0.5185002449805037,0.6389157185751679,428,22,15189,50630
8192,1,0.5,3,-0.7806361178583199,0.5017152919303413,409,32,27020,90067
8192,1,0.5,4,-0.5209289081773374,0.6474190147705813,428,22,15366,51220
8192,1,0.5,5,-0.5589853549168953,0.5822767396460037,402,25,19130,63767
8192,1,0.5,6,-0.563170343582781,0.6006694387959762,400,23,16463,54877
8192,1,0.5,7,-0.7213712911420821,0.569566151068068,404,27,21410,71367
8192,1,0.5,8,-0.6398378036558348,0.5614062050836971,403,26,20138,67127
8192,1,0.5,9,-0.7676452998028512,0.5237953690728445,403,26,19864,66213
8192,1,0.5,10,-0.4153557000770033,0.6476420132736511,426,20,13089,43630
8192,1,0.5,11,-0.7599254425115795,0.46555024094276887,415,38,31935,106450
8192,1,0.5,12,-0.5578475704304795,0.5808711211815182,402,25,18838,62793
8192,1,0.5,13,-0.5898792541371521,0.6063158599998427,401,24,17599,58663
8192,1,0.5,14,-0.6345295709049213,0.599864172762629,401,24,17310,57700
8192,1,0.5,15,-0.5824540931412321,0.5859114536129288,401,24,19080,63600
8192,1,0.5,16,-0.47139363003192686,0.6746303517350994,428,22,15790,52633
8192,1,0.5,17,-0.4696141982275482,0.6621740385870232,428,22,15746,52487
8192,1,0.5,18,-0.5952258992591413,0.5741556541888725,404,27,20827,69423
8192,1,0.5,19,-0.45939756189344655,0.6228590672634481,429,23,15890,52967
8192,1,0.5,20,-0.7284239358207129,0.5172185140436908,406,29,22679,75597
8192,1,0.5,21,-0.6320301321409533,0.5541300051494917,406,29,23146,77153
8192,1,0.5,22,-0.6698960553522267,0.5779294891025136,402,25,18595,61983
8192,1,0.5,23,-0.6228852632079828,0.5289988656562565,405,28,22346,74487
8192,1,0.5,24,-0.47235489827676097,0.6292901187566162,429,23,16403,54677
8192,1,0.5,25,-0.598035299121514,0.5705775271057191,403,26,20783,69277
8192,1,0.5,26,-0.44855131843536733,0.6562406206399705,427,21,14743,49143
8192,1,0.5,27,-0.759388598358396,0.5155567938005149,406,29,23427,78090
8192,1,0.5,28,-0.7256528777028385,0.5497954124739519,406,29,22819,76063
8192,1,0.5,29,-0.5927903688603211,0.6119560998756188,401,24,17860,59533
8192,1,0.55,0,-0.6063848196142135,0.5675741621694788,404,27,21227,70757
8192,1,0.55,1,-0.6582109674207939,0.5639164825466013,401,24,17516,58387
8192,1,0.55,2,-0.5185002449805037,0.6389157185751679,428,22,15189,50630
8192,1,0.55,3,-0.7218136689119683,0.522518431907484,404,27,21063,70210
8192,1,0.55,4,-0.7706889750607758,0.5352564639612836,405,28,21303,71010
8192,1,0.55,5,-0.6938017831325193,0.5211326453756563,408,31,24583,81943
8192,1,0.55,6,-0.6875642521762948,0.5356080495403439,407,30,23548,78493
8192,1,0.55,7,-0.7213712911420821,0.569566151068068,404,27,21410,71367
8192,1,0.55,8,-0.6614456698353726,0.5573202390217298,403,26,21088,70293
8192,1,0.55,9,-0.7853408704712876,0.5023310925125452,406,29,22641,75470
8192,1,0.55,10,-0.39192790254675647,0.6394873082285498,426,20,12793,42643
8192,1,0.55,11,-0.768114699346283,0.4261638498964511,417,40,33562,111873
8192,1,0.55,12,-0.554163377619933,0.5982014197064592,401,24,18289,60963
8192,1,0.55,13,-0.694324321839085,0.5290735650589395,407,30,24061,80203
8192,1,0.55,14,-0.6345295709049213,0.599864172762629,401,24,17310,57700
8192,1,0.55,15,-0.5824540931412321,0.5859114536129288,401,24,19080,63600
8192,1,0.55,16,-0.6984990643619392,0.5222345848081364,407,30,23846,79487
8192,1,0.55,17,-0.4638776559526136,0.6617432840485835,428,22,15586,51953
8192,1,0.55,18,-0.8769158865045191,0.34822335229731677,421,44,38546,128487
8192,1,0.55,19,-0.45939756189344655,0.6228590672634481,429,23,15890,52967
8192,1,0.55,20,-0.7830831366068213,0.4658803576875783,411,34,28400,94667
8192,1,0.55,21,-0.6281356216489469,0.5454784712981856,406,29,22970,76567
8192,1,0.55,22,-0.7268923210125537,0.4875002998086634,407,30,23244,77480
8192,1,0.55,23,-0.7493098814570428,0.4266225288426256,418,41,36220,120733
8192,1,0.55,24,-0.46681595686980154,0.6285528456829667,429,23,16342,54473
8192,1,0.55,25,-0.6553976506304104,0.5562878834876283,403,26,20766,69220
8192,1,0.55,26,-0.44855131843536733,0.6562406206399705,427,21,14743,49143
8192,1,0.55,27,-0.7697985784338653,0.5004651294711132,408,31,25041,83470
8192,1,0.55,28,-0.8068894899916226,0.5596287307813119,404,27,22473,74910
8192,1,0.55,29,-0.8570175551038269,0.43479683882133197,416,39,34004,113347
8192,1,0.6,0,-0.6063848196142135,0.5675741621694788,404,27,21227,70757
8192,1,0.6,1,-0.6756215717907638,0.5517884907515521,403,26,18870,62900
8192,1,0.6,2,-0.6046953086915301,0.5817257172544402,402,25,18216,60720
8192,1,0.6,3,-0.7139542036788381,0.539801591917449,404,27,20658,68860
8192,1,0.6,4,-0.7884846472080042,0.5235514088009716,407,30,23278,77593
8192,1,0.6,5,-0.7786368877036154,0.4146643446483711,417,40,34514,115047
8192,1,0.6,6,-0.6496622867638289,0.5587331164613012,404,27,20589,68630
8192,1,0.6,7,-0.8352117331743144,0.376354234464052,420,43,37096,123653
8192,1,0.6,8,-0.6614456698353726,0.5573202390217298,403,26,21088,70293
8192,1,0.6,9,-0.8143845320460824,0.46768874853723774,409,32,25878,86260
8192,1,0.6,10,-0.5449814321074746,0.6344163295152989,426,20,13457,44857
8192,1,0.6,11,-0.768114699346283,0.4261638498964511,417,40,33562,111873
8192,1,0.6,12,-0.6224116760601048,0.5560386745296125,405,28,22209,74030
8192,1,0.6,13,-0.694324321839085,0.5290735650589395,407,30,24061,80203
8192,1,0.6,14,-0.6345295709049213,0.599864172762629,401,24,17310,57700
8192,1,0.6,15,-0.6325967693940915,0.5558737100123361,404,27,22106,73687
8192,1,0.6,16,-0.6984990643619392,0.5222345848081364,407,30,23846,79487
8192,1,0.6,17,-0.4638776559526136,0.6617432840485835,428,22,15586,51953
8192,1,0.6,18,-0.8766033758432366,0.34854667768810177,421,44,38509,128363
8192,1,0.6,19,-0.7593712237582868,0.45357833828879496,413,36,30246,100820
8192,1,0.6,20,-0.743155687426919,0.47410542273849504,412,35,29555,98517
8192,1,0.6,21,-0.6281356216489469,0.5454784712981856,406,29,22970,76567
8192,1,0.6,22,-0.5847426003823263,0.5876464336169668,403,26,20336,67787
8192,1,0.6,23,-0.770477974729275,0.3735478277263603,423,46,40505,135017
8192,1,0.6,24,-0.5173871000902468,0.60699426078086,401,24,17553,58510
8192,1,0.6,25,-0.7820448042646797,0.49442753493933334,409,32,26706,89020
8192,1,0.6,26,-0.31575445276326836,0.6971930283344838,424,18,11618,38727
8192,1,0.6,27,-0.7977868711249336,0.4559462433673029,412,35,28899,96330
8192,1,0.6,28,-0.8036856137004428,0.5080383582466701,405,28,22800,76000
8192,1,0.6,29,-0.876771542415141,0.3686979261242989,423,46,40467,134890
8192,1,0.65,0,-0.7765613563181263,0.3398140320892782,423,46,39767,132557
8192,1,0.65,1,-0.8347886288415937,0.3896622666157773,419,42,36871,122903
8192,1,0.65,2,-0.7339791008657561,0.49170342457814137,411,34,27658,92193
8192,1,0.65,3,-0.804946397538432,0.4329938475697164,414,37,30899,102997
8192,1,0.65,4,-0.7552583798056727,0.5149796010034902,408,31,24721,82403
8192,1,0.65,5,-0.8641509869546417,0.39832118611260803,420,43,36903,123010
8192,1,0.65,6,-0.7301174984828345,0.5114772514772661,409,32,26850,89500
8192,1,0.65,7,-0.8584394976806616,0.28968759127812055,427,50,43867,146223
8192,1,0.65,8,-0.7839417522094173,0.35052695549448404,424,47,41960,139867
8192,1,0.65,9,-0.8896061373575176,0.3217854976542349,426,49,44277,147590
8192,1,0.65,10,-0.5410216462105211,0.6358067202895418,426,20,13389,44630
8192,1,0.65,11,-0.8294538494621722,0.3675335001205046,421,44,36914,123047
8192,1,0.65,12,-0.6772160890751895,0.5168232182737126,408,31,26115,87050
8192,1,0.65,13,-0.7594165036705802,0.4248034459051359,415,38,31556,105187
8192,1,0.65,14,-0.8549502028003316,0.3575173494658769,421,44,36754,122513
8192,1,0.65,15,-0.6338481992580619,0.5027762992236601,411,34,27551,91837
8192,1,0.65,16,-0.7223931977557891,0.5348976943619428,411,34,27041,90137
8192,1,0.65,17,-0.8171337389578431,0.372071118807953,419,42,35627,118757
8192,1,0.65,18,-0.8402039059018848,0.4751689464395273,411,34,28319,94397
8192,1,0.65,19,-0.7593712237582868,0.45357833828879496,413,36,30246,100820
8192,1,0.65,20,-0.7911134084378882,0.3980224013677246,421,44,38218,127393
8192,1,0.65,21,-0.717170105314962,0.5447176827965441,405,28,21615,72050
8192,1,0.65,22,-0.7352786983308697,0.5371066206308266,406,29,22394,74647
8192,1,0.65,23,-0.770477974729275,0.3735478277263603,423,46,40505,135017
8192,1,0.65,24,-0.607190896515106,0.5541634265766233,405,28,21718,72393
8192,1,0.65,25,-0.8422017183943846,0.4012820557067665,418,41,37469,124897
8192,1,0.65,26,-0.7638233188864083,0.42907247328493653,417,40,35610,118700
8192,1,0.65,27,-0.7628263761589238,0.5387514237787623,407,30,24805,82683
8192,1,0.65,28,-0.8754955644931428,0.34404895476029607,421,44,38368,127893
8192,1,0.65,29,-0.8716882764611948,0.34336948495957414,424,47,40772,135907
8192,1,0.7,0,-0.8046464027090269,0.294992258047977,429,52,46266,154220
8192,1,0.7,1,-0.8598356235743831,0.31853211867799935,427,50,45732,152440
8192,1,0.7,2,-0.7339791008657561,0.49170342457814137,411,34,27658,92193
8192,1,0.7,3,-0.8868527592711672,0.17960488470516228,408,60,55732,185773
8192,1,0.7,4,-0.7596190136327508,0.5090553981690555,408,31,24961,83203
8192,1,0.7,5,-0.914232711627558,0.18638561669728765,409,61,56743,189143
8192,1,0.7,6,-0.8145430385895763,0.3584502906953415,424,47,41460,138200
8192,1,0.7,7,-0.8675146001826146,0.27978274173091505,400,52,47620,158733
8192,1,0.7,8,-0.7839417522094173,0.35052695549448404,424,47,41960,139867
8192,1,0.7,9,-0.8899923449855681,0.32237963108184853,426,49,44330,147767
8192,1,0.7,10,-0.5410216462105211,0.6358067202895418,426,20,13389,44630
8192,1,0.7,11,-0.8798255734886781,0.294681135567294,428,51,43606,145353
8192,1,0.7,12,-0.6921587136926427,0.5014347698680126,409,32,27383,91277
8192,1,0.7,13,-0.8990161113406874,0.2087109145003357,403,55,49603,165343
8192,1,0.7,14,-0.8260374904132777,0.37349572700095984,421,44,38012,126707
8192,1,0.7,15,-0.7813854695936279,0.26552458110304733,400,52,48291,160970
8192,1,0.7,16,-0.7212018723948459,0.5263353165944955,411,34,26877,89590
8192,1,0.7,17,-0.8521367219695853,0.3661167689016225,422,45,40634,135447
8192,1,0.7,18,-0.8760222591572884,0.3793832267452211,421,44,38781,129270
8192,1,0.7,19,-0.6991226184794646,0.5569667615977112,404,27,20522,68407
8192,1,0.7,20,-0.8781338268002252,0.22529412280438635,407,59,54754,182513
8192,1,0.7,21,-0.8660644030676283,0.2790401508428914,400,52,47698,158993
8192,1,0.7,22,-0.8019807877557675,0.4773224774354612,413,36,30199,100663
8192,1,0.7,23,-0.770477974729275,0.3735478277263603,423,46,40505,135017
8192,1,0.7,24,-0.607190896515106,0.5541634265766233,405,28,21718,72393
8192,1,0.7,25,-0.8623268165754062,0.33734086222218373,424,47,43514,145047
8192,1,0.7,26,-0.7413252076545713,0.42088270182600335,417,40,33509,111697
8192,1,0.7,27,-0.8344869610739439,0.40157145975711434,418,41,36206,120687
8192,1,0.7,28,-0.8969456601612309,0.2531282046784796,400,52,47871,159570
8192,1,0.7,29,-0.8756618193276925,0.35516362892291164,424,47,41173,137243
8192,1,0.75,0,-0.8307159776404901,0.2065252269154834,407,59,53584,178613
8192,1,0.75,1,-0.8613188994382742,0.3051012501629219,429,52,46651,155503
8192,1,0.75,2,-0.8151450893794433,0.31311586071229897,427,50,43955,146517
8192,1,0.75,3,-0.8868339442471042,0.18394430792462554,408,60,55626,185420
8192,1,0.75,4,-0.9254697174675784,0.10195099886321948,417,69,65191,217303
8192,1,0.75,5,-0.8933754025537753,0.2950122862619007,429,52,46379,154597
8192,1,0.75,6,-0.8262282938802331,0.35887998899617274,425,48,43346,144487
8192,1,0.75,7,-0.8675146001826146,0.27978274173091505,400,52,47620,158733
8192,1,0.75,8,-0.8556884289689246,0.34172961044126676,424,47,42495,141650
8192,1,0.75,9,-0.9059550607189996,0.2397875134701222,403,55,50862,169540
8192,1,0.75,10,-0.9166948290089881,0.15029313392911267,410,62,56479,188263
8192,1,0.75,11,-0.8985315294890807,0.2262130440661647,403,55,50496,168320
8192,1,0.75,12,-0.8156558677125191,0.3398601309149721,427,50,43153,143843
8192,1,0.75,13,-0.8590636968569891,0.2455423287528359,400,52,46621,155403
8192,1,0.75,14,-0.877291002411374,0.192090780696976,406,58,54231,180770
8192,1,0.75,15,-0.7813854695936279,0.26552458110304733,400,52,48291,160970
8192,1,0.75,16,-0.8618255367449011,0.3628405369046749,422,45,37321,124403
8192,1,0.75,17,-0.8517735517182374,0.30587569661243846,426,49,42331,141103
8192,1,0.75,18,-0.9120314221595233,0.19583218474648037,405,57,53114,177047
8192,1,0.75,19,-0.8703966568631664,0.25302382861043665,400,52,46594,155313
8192,1,0.75,20,-0.8148753845525574,0.4264794597128125,417,40,34361,114537
8192,1,0.75,21,-0.8660644030676283,0.2790401508428914,400,52,47698,158993
8192,1,0.75,22,-0.8237455272428453,0.4104017083018937,418,41,35400,118000
8192,1,0.75,23,-0.8255124035193477,0.1839645025330751,408,60,54188,180627
8192,1,0.75,24,-0.8794399427268872,0.338793624764501,421,44,38527,128423
8192,1,0.75,25,-0.8807321517774692,0.2698238677644727,401,53,50511,168370
8192,1,0.75,26,-0.8652972034223769,0.2665667532288625,400,52,47105,157017
8192,1,0.75,27,-0.8475350022980181,0.3325088815930228,425,48,41826,139420
8192,1,0.75,28,-0.884826296833075,0.3184531281348667,428,51,45792,152640
8192,1,0.75,29,-0.9075820401612887,0.18652507017639416,409,61,55786,185953
8192,1,0.8,0,-0.8500366616940153,0.14472732058241813,416,68,62662,208873
8192,1,0.8,1,-0.9344175794378891,-0.06643944258352998,400,81,75898,252993
8192,1,0.8,2,-0.8324535684262536,0.23888130368917385,402,54,47788,159293
8192,1,0.8,3,-0.871966453204844,0.2429465952436341,400,52,47958,159860
8192,1,0.8,4,-0.9254697174675784,0.10195099886321948,417,69,65191,217303
8192,1,0.8,5,-0.9249396145664854,0.07051893810335831,421,73,67966,226553
8192,1,0.8,6,-0.8882257757203743,0.23360159587097362,400,52,45594,151980
8192,1,0.8,7,-0.8924517823918922,0.19453881297094242,410,62,57967,193223
8192,1,0.8,8,-0.8732778891299594,0.23138198000271995,400,52,47427,158090
8192,1,0.8,9,-0.927949427208012,0.08855052452171407,419,71,68945,229817
8192,1,0.8,10,-0.9103136490168313,0.2041453820531213,405,57,50470,168233
8192,1,0.8,11,-0.8985315294890807,0.2262130440661647,403,55,50496,168320
8192,1,0.8,12,-0.8776195068039476,0.2307357520972978,404,56,51239,170797
8192,1,0.8,13,-0.8907872214306901,0.099853910377996,418,70,65151,217170
8192,1,0.8,14,-0.8996477429565346,0.04773617933310682,424,76,71674,238913
8192,1,0.8,15,-0.8702765050853808,0.23261885580697045,403,55,50059,166863
8192,1,0.8,16,-0.9212833548151362,0.13902195595421638,415,67,62748,209160
8192,1,0.8,17,-0.850886895347063,0.32422896508716376,425,48,41777,139257
8192,1,0.8,18,-0.9179161666268136,0.17865399820209593,407,59,56462,188207
8192,1,0.8,19,-0.8961986502926282,0.08964911453616857,419,71,64516,215053
8192,1,0.8,20,-0.9206494003406966,-0.1256258405856319,413,94,90335,301117
8192,1,0.8,21,-0.8748085935096988,0.23613791128646083,406,58,51923,173077
8192,1,0.8,22,-0.8674301215228685,0.2544734555207932,400,52,46396,154653
8192,1,0.8,23,-0.8305185260899282,0.18102067710711214,410,62,56231,187437
8192,1,0.8,24,-0.9078487807822964,0.19348704709899184,404,56,50697,168990
8192,1,0.8,25,-0.9185129962802698,-0.012252965705367148,400,81,79356,264520
8192,1,0.8,26,-0.8683770859221382,0.21928221935935865,403,55,48698,162327
8192,1,0.8,27,-0.8753998094413377,0.18564581195436006,407,59,52711,175703
8192,1,0.8,28,-0.9187102022134012,0.1369037882558313,415,67,62070,206900
8192,1,0.8,29,-0.92697471611769,0.0385154085842374,429,81,76920,256400
8192,1,0.85,0,-0.9366165645810177,-0.03721595966533532,402,83,78101,260337
8192,1,0.85,1,-0.9559299554135489,-0.4738109420171418,400,139,135217,450723
8192,1,0.85,2,-0.9102425677842281,-0.04149389516507889,400,81,74846,249487
8192,1,0.85,3,-0.9048256596686394,0.039945032452732225,426,78,74957,249857
8192,1,0.85,4,-0.936055520794627,-0.050302897773422076,400,81,78831,262770
8192,1,0.85,5,-0.9421996325340863,-0.11067958916088903,412,93,89278,297593
8192,1,0.85,6,-0.8971901435110757,0.13459681263618983,413,65,57648,192160
8192,1,0.85,7,-0.9264328004076688,-0.116814674034539,416,97,94705,315683
8192,1,0.85,8,-0.9149520790856228,-0.04663907917386876,400,81,76765,255883
8192,1,0.85,9,-0.9269336294707647,0.06708500706993502,423,75,71555,238517
8192,1,0.85,10,-0.9200753298794301,0.11127497793898718,415,67,60778,202593
8192,1,0.85,11,-0.9265635927259356,-0.04806392548268521,400,81,74788,249293
8192,1,0.85,12,-0.9019366869007265,0.06588682160186517,422,74,70096,233653
8192,1,0.85,13,-0.8949922876226019,0.10628741143719898,418,70,66692,222307
8192,1,0.85,14,-0.8991020763801736,0.0366833660591876,424,76,71342,237807
8192,1,0.85,15,-0.9171765465890197,-0.1339667432100704,417,98,94789,315963
8192,1,0.85,16,-0.9410129893514956,-0.12404252828429493,412,93,89922,299740
8192,1,0.85,17,-0.8734158735272578,0.23647140840181544,401,53,47769,159230
8192,1,0.85,18,-0.9409448646884145,-0.05949975777316481,406,87,84805,282683
8192,1,0.85,19,-0.8961986502926282,0.08964911453616857,419,71,64516,215053
8192,1,0.85,20,-0.9306613771576164,-0.27330410552634893,400,110,109015,363383
8192,1,0.85,21,-0.9413099880008666,-0.09673910572968787,411,92,87768,292560
8192,1,0.85,22,-0.8419413331278978,0.344123601442604,422,45,39240,130800
8192,1,0.85,23,-0.8282677619268797,0.17879860829073457,410,62,55677,185590
8192,1,0.85,24,-0.9199787085338964,0.10378739478269597,415,67,61558,205193
8192,1,0.85,25,-0.9143398548707553,0.05345676324519239,425,77,74799,249330
8192,1,0.85,26,-0.9205554467606561,-0.10903699048639172,409,90,87352,291173
8192,1,0.85,27,-0.937171265384415,-0.0865617341578703,409,90,87049,290163
8192,1,0.85,28,-0.915927374514653,0.15374152642331504,412,64,59633,198777
8192,1,0.85,29,-0.9385091813290821,-0.12175728880816775,415,96,92794,309313
8192,1,0.9,0,-0.956801913433134,-0.4613933316257888,400,139,135759,452530
8192,1,0.9,1,-0.9567683503047428,-0.5477235874282063,420,159,155288,517627
8192,1,0.9,2,-0.9351414744687334,-0.3181660388325805,408,118,111816,372720
8192,1,0.9,3,-0.9210521916408752,-0.1106971062948418,412,93,90641,302137
8192,1,0.9,4,-0.945386842342437,-0.1738444556536013,421,102,99023,330077
8192,1,0.9,5,-0.9582849054913715,-0.5223121628713814,412,151,150768,502560
8192,1,0.9,6,-0.9210235635141135,-0.13970488069116901,416,97,93393,311310
8192,1,0.9,7,-0.9516733839869922,-0.2776348561898,401,111,109113,363710
8192,1,0.9,8,-0.9149542526547777,-0.05334237791573102,401,82,77687,258957
8192,1,0.9,9,-0.9455929018388927,-0.1953979533169393,423,104,103746,345820
8192,1,0.9,10,-0.9497313760708134,-0.2673166015360202,400,110,105376,351253
8192,1,0.9,11,-0.9362456353073618,-0.15291201438062008,418,99,92724,309080
8192,1,0.9,12,-0.9562188501797663,-0.5288947950431828,419,158,155791,519303
8192,1,0.9,13,-0.9417813711898221,-0.2017135079494904,425,106,102464,341547
8192,1,0.9,14,-0.9495923389247908,-0.3431436854482786,414,124,123383,411277
8192,1,0.9,15,-0.9400341241022494,-0.5661902710595467,428,167,165369,551230
8192,1,0.9,16,-0.9463949551049721,-0.21616692339795734,428,109,106255,354183
8192,1,0.9,17,-0.9435490071916992,-0.19653817557035255,426,107,102962,343207
8192,1,0.9,18,-0.9554982006264676,-0.3831508588603621,424,134,132568,441893
8192,1,0.9,19,-0.9328220664903037,-0.29141859170031253,405,115,110739,369130
8192,1,0.9,20,-0.9379314453194453,-0.4098209058719027,429,139,137207,457357
8192,1,0.9,21,-0.9406481429468571,-0.09585665574799222,412,93,88514,295047
8192,1,0.9,22,-0.8794471429760018,0.19183033690019438,404,56,51006,170020
8192,1,0.9,23,-0.9299161281753269,-0.18072983238726884,423,104,102304,341013
8192,1,0.9,24,-0.9501912790879135,-0.26443966158823445,400,110,107536,358453
8192,1,0.9,25,-0.9172122740896069,-0.020353149478318663,402,83,81071,270237
8192,1,0.9,26,-0.9211432849625752,-0.11800441770954309,410,91,88288,294293
8192,1,0.9,27,-0.9440481100752318,-0.19682980362146987,427,108,103916,346387
8192,1,0.9,28,-0.9541570754672589,-0.3342748075037423,412,122,122584,408613
8192,1,0.9,29,-0.9484129903722603,-0.31259609152024564,409,119,115437,384790
8192,1,0.95,0,-0.9600105456128651,-0.6515923479564827,410,178,176235,587450
8192,1,0.95,1,-0.9575668131569132,-0.6472217514094999,406,174,171174,570580
8192,1,0.95,2,-0.9469866039810555,-0.6737197536653956,424,192,185015,616717
8192,1,0.95,3,-0.9596746770792562,-0.6677853813169687,414,182,180984,603280
8192,1,0.95,4,-0.9595646543903412,-0.5629656466257275,427,166,163332,544440
8192,1,0.95,5,-0.9626810878896527,-0.8601317120445633,421,247,251333,837777
8192,1,0.95,6,-0.9453065968703971,-0.3045311596391495,403,113,110080,366933
8192,1,0.95,7,-0.9592417658211398,-0.6299429624353802,400,168,165828,552760
8192,1,0.95,8,-0.9282188821256107,-0.18758159544813605,424,105,99102,330340
8192,1,0.95,9,-0.955444432295571,-0.4961316545485002,409,148,149474,498247
8192,1,0.95,10,-0.955633180974683,-0.5177011118740857,412,151,148825,496083
8192,1,0.95,11,-0.9517331308853623,-0.46294073705596944,400,139,133628,445427
8192,1,0.95,12,-0.9601734850225382,-0.91075854532216,417,272,276348,921160
8192,1,0.95,13,-0.9538470805697503,-0.5006191832368045,406,145,143053,476843
8192,1,0.95,14,-0.9595192010421337,-0.6941235035856091,423,191,193300,644333
8192,1,0.95,15,-0.9444852449634901,-0.8376262636013735,411,237,239174,797247
8192,1,0.95,16,-0.9606332324996372,-0.8327533666818316,400,226,228200,760667
8192,1,0.95,17,-0.9580252811224541,-0.6702064597325148,416,184,181947,606490
8192,1,0.95,18,-0.9614422911546244,-0.6767030858367026,421,189,188751,629170
8192,1,0.95,19,-0.958022981608405,-0.6852691893888864,428,196,192626,642087
8192,1,0.95,20,-0.9587998065075408,-0.7647929084931933,408,205,204070,680233
8192,1,0.95,21,-0.9626988921192787,-0.6167959054125656,400,168,168308,561027
8192,1,0.95,22,-0.9362774516546645,-0.3852056062676885,425,135,132330,441100
8192,1,0.95,23,-0.9611367464125712,-0.5465262051082362,422,161,160028,533427
8192,1,0.95,24,-0.9577455779864802,-0.48539461406043605,405,144,140800,469333
8192,1,0.95,25,-0.9440569538543169,-0.4462780091416685,400,139,139932,466440
8192,1,0.95,26,-0.9440639785460503,-0.6384070440390782,411,179,177566,591887
8192,1,0.95,27,-0.9569212559284391,-0.5671125639277229,425,164,159975,533250
8192,1,0.95,28,-0.9582137416347859,-0.45717236323078997,400,139,138769,462563
8192,1,0.95,29,-0.957355038284458,-0.6237390861131562,400,168,165429,551430
8192,1,1.0,0,-0.7274076390341435,-0.9815011536917292,400,400,405408,1351360
8192,1,1.0,1,-0.6823889602733529,-0.978645301376154,400,400,405992,1353307
8192,1,1.0,2,-0.743147267553625,-0.9883660907864514,400,400,400260,1334200
8192,1,1.0,3,-0.7052119351868265,-0.9852922943634017,400,400,401322,1337740
8192,1,1.0,4,-0.6650901419411753,-0.9820795731959695,400,400,410116,1367053
8192,1,1.0,5,-0.664604812846239,-0.9814801038905336,400,400,412495,1374983
8192,1,1.0,6,-0.6108309724515986,-0.9645841853321181,400,400,405317,1351057
8192,1,1.0,7,-0.7153199119844803,-0.983961585982378,400,400,407719,1359063
8192,1,1.0,8,-0.7367097580968829,-0.993948802669586,400,400,404942,1349807
8192,1,1.0,9,-0.6797371777074391,-0.9779402762154286,400,400,410020,1366733
8192,1,1.0,10,-0.7649126103245901,-0.9946153821324324,400,400,403284,1344280
8192,1,1.0,11,-0.6758626131938438,-0.9761924204762554,400,400,398972,1329907
8192,1,1.0,12,-0.7056436126046467,-0.9798494792279001,400,400,409854,1366180
8192,1,1.0,13,-0.6877943582608866,-0.9729010731926644,400,400,406251,1354170
8192,1,1.0,14,-0.6654644298327368,-0.9720242374110376,400,400,404732,1349107
8192,1,1.0,15,-0.7104303197024711,-0.975418530764705,400,400,406386,1354620
8192,1,1.0,16,-0.664618391583154,-0.9778009969485943,400,400,406040,1353467
8192,1,1.0,17,-0.7335671794472082,-0.9887256321485073,400,400,404353,1347843
8192,1,1.0,18,-0.7494217151607093,-0.9830180782252549,400,400,406241,1354137
8192,1,1.0,19,-0.6922484188394596,-0.9779897831917963,400,400,402627,1342090
8192,1,1.0,20,-0.6645047841904147,-0.9741708031016432,400,400,404675,1348917
8192,1,1.0,21,-0.6978149351596435,-0.9811592617056631,400,400,406816,1356053
8192,1,1.0,22,-0.6501745714252753,-0.9811026958560389,400,400,407009,1356697
8192,1,1.0,23,-0.7102402837105501,-0.9904053615965446,400,400,407241,1357470
8192,1,1.0,24,-0.7162949140887356,-0.9930413704542472,400,400,403921,1346403
8192,1,1.0,25,-0.6630497287186735,-0.970198707243619,400,400,408296,1360987
8192,1,1.0,26,-0.7089012430345513,-0.9777288416633241,400,400,409037,1363457
8192,1,1.0,27,-0.6799022293271164,-0.9826744480748026,400,400,400747,1335823
8192,1,1.0,28,-0.7141449233068223,-0.9811336162074196,400,400,406586,1355287
8192,1,1.0,29,-0.665404067066182,-0.9772870862197681,400,400,405102,1350340
